### Starting TaskPrologue of job 1765926 on tg092 at Fri Jul 31 04:34:07 AM CEST 2026
Running on cores 64-95 with governor ondemand
Fri Jul 31 04:34:07 2026       
+-----------------------------------------------------------------------------------------+
| NVIDIA-SMI 610.43.02              KMD Version: 610.43.02     CUDA UMD Version: 13.3     |
+-----------------------------------------+------------------------+----------------------+
| GPU  Name                 Persistence-M | Bus-Id          Disp.A | Volatile Uncorr. ECC |
| Fan  Temp   Perf          Pwr:Usage/Cap |           Memory-Usage | GPU-Util  Compute M. |
|                                         |                        |               MIG M. |
|=========================================+========================+======================|
|   0  NVIDIA A100-SXM4-40GB          On  |   00000000:81:00.0 Off |                    0 |
| N/A   42C    P0             57W /  400W |       0MiB /  40960MiB |      0%      Default |
|                                         |                        |             Disabled |
+-----------------------------------------+------------------------+----------------------+

+-----------------------------------------------------------------------------------------+
| Processes:                                                                              |
|  GPU   GI   CI              PID   Type   Process name                        GPU Memory |
|        ID   ID                                                               Usage      |
|=========================================================================================|
|  No running processes found                                                             |
+-----------------------------------------------------------------------------------------+
### Finished TaskPrologue

node: tg092 | started: Fri Jul 31 04:34:10 AM CEST 2026 | seed: 42
flag already present
Energy cross-sketches saved: 300/300
Energy JSON samples: 300
=========== ENERGY CROSS: DURATION PROVIDED ===========
SEED EVERYTHING TO 0
Add-ons: [<function get_preprocessed_meta at 0x7d3eb5605240>]
Dataset initialize finished
Reload ckpt specified in the config file data/checkpoints/drawspeech_fixed.ckpt
LatentDiffusion: Running in eps-prediction mode
DiffusionWrapper has 93.85 M params.
Keeping EMAs of 784.
making attention of type 'vanilla' with 512 in_channels
making attention of type 'vanilla' with 512 in_channels
loaded pretrained LPIPS loss from taming/modules/autoencoder/lpips/vgg.pth
==> Loading HiFi-GAN LJ_V1 (https://github.com/jik876/hifi-gan) pretrained on LJSpeech
Removing weight norm...
Initial learning rate 1e-05
--> Reload weight of autoencoder from data/checkpoints/vae.ckpt
prob_drop_pitch: 0.2 | prob_drop_energy: 0.2
Set infer mode for TextEncoderwithVarianceAdaptor
Set infer mode for SketchEncoder
Waveform inference save path:  ./log/latent_diffusion/config/drawspeech_ljspeech_22k/infer_07-31-04:34_cfg_scale_3.5_ddim_200_n_cand_1
Plotting: Switched to EMA weights
Non-fatal Warning [dataset.py]: The wav path " wavs/LJ038-0144.wav " is not find in the metadata. Use empty waveform instead. This is normal in the inference process.
Given pitch_sketch: True | Given energy_sketch: True
Given pitch: False | Given energy: False | Given phoneme_duration: True
Use ddim sampler
Data shape for DDIM sampling is (1, 8, 216, 20), eta 1.0
Running DDIM Sampling with 200 timesteps
Non-fatal Warning [dataset.py]: The wav path " wavs/LJ014-0074.wav " is not find in the metadata. Use empty waveform instead. This is normal in the inference process.
Given pitch_sketch: True | Given energy_sketch: True
Given pitch: False | Given energy: False | Given phoneme_duration: True
Use ddim sampler
Data shape for DDIM sampling is (1, 8, 216, 20), eta 1.0
Running DDIM Sampling with 200 timesteps
Non-fatal Warning [dataset.py]: The wav path " wavs/LJ047-0199.wav " is not find in the metadata. Use empty waveform instead. This is normal in the inference process.
Given pitch_sketch: True | Given energy_sketch: True
Given pitch: False | Given energy: False | Given phoneme_duration: True
Use ddim sampler
Data shape for DDIM sampling is (1, 8, 216, 20), eta 1.0
Running DDIM Sampling with 200 timesteps
Non-fatal Warning [dataset.py]: The wav path " wavs/LJ033-0181.wav " is not find in the metadata. Use empty waveform instead. This is normal in the inference process.
Given pitch_sketch: True | Given energy_sketch: True
Given pitch: False | Given energy: False | Given phoneme_duration: True
Use ddim sampler
Data shape for DDIM sampling is (1, 8, 216, 20), eta 1.0
Running DDIM Sampling with 200 timesteps
Non-fatal Warning [dataset.py]: The wav path " wavs/LJ014-0294.wav " is not find in the metadata. Use empty waveform instead. This is normal in the inference process.
Given pitch_sketch: True | Given energy_sketch: True
Given pitch: False | Given energy: False | Given phoneme_duration: True
Use ddim sampler
Data shape for DDIM sampling is (1, 8, 216, 20), eta 1.0
Running DDIM Sampling with 200 timesteps
Non-fatal Warning [dataset.py]: The wav path " wavs/LJ027-0072.wav " is not find in the metadata. Use empty waveform instead. This is normal in the inference process.
Given pitch_sketch: True | Given energy_sketch: True
Given pitch: False | Given energy: False | Given phoneme_duration: True
Use ddim sampler
Data shape for DDIM sampling is (1, 8, 216, 20), eta 1.0
Running DDIM Sampling with 200 timesteps
Non-fatal Warning [dataset.py]: The wav path " wavs/LJ021-0019.wav " is not find in the metadata. Use empty waveform instead. This is normal in the inference process.
Given pitch_sketch: True | Given energy_sketch: True
Given pitch: False | Given energy: False | Given phoneme_duration: True
Use ddim sampler
Data shape for DDIM sampling is (1, 8, 216, 20), eta 1.0
Running DDIM Sampling with 200 timesteps
Non-fatal Warning [dataset.py]: The wav path " wavs/LJ030-0151.wav " is not find in the metadata. Use empty waveform instead. This is normal in the inference process.
Given pitch_sketch: True | Given energy_sketch: True
Given pitch: False | Given energy: False | Given phoneme_duration: True
Use ddim sampler
Data shape for DDIM sampling is (1, 8, 216, 20), eta 1.0
Running DDIM Sampling with 200 timesteps
Non-fatal Warning [dataset.py]: The wav path " wavs/LJ018-0183.wav " is not find in the metadata. Use empty waveform instead. This is normal in the inference process.
Given pitch_sketch: True | Given energy_sketch: True
Given pitch: False | Given energy: False | Given phoneme_duration: True
Use ddim sampler
Data shape for DDIM sampling is (1, 8, 216, 20), eta 1.0
Running DDIM Sampling with 200 timesteps
Non-fatal Warning [dataset.py]: The wav path " wavs/LJ019-0381.wav " is not find in the metadata. Use empty waveform instead. This is normal in the inference process.
Given pitch_sketch: True | Given energy_sketch: True
Given pitch: False | Given energy: False | Given phoneme_duration: True
Use ddim sampler
Data shape for DDIM sampling is (1, 8, 216, 20), eta 1.0
Running DDIM Sampling with 200 timesteps
Non-fatal Warning [dataset.py]: The wav path " wavs/LJ048-0002.wav " is not find in the metadata. Use empty waveform instead. This is normal in the inference process.
Given pitch_sketch: True | Given energy_sketch: True
Given pitch: False | Given energy: False | Given phoneme_duration: True
Use ddim sampler
Data shape for DDIM sampling is (1, 8, 216, 20), eta 1.0
Running DDIM Sampling with 200 timesteps
Non-fatal Warning [dataset.py]: The wav path " wavs/LJ007-0073.wav " is not find in the metadata. Use empty waveform instead. This is normal in the inference process.
Given pitch_sketch: True | Given energy_sketch: True
Given pitch: False | Given energy: False | Given phoneme_duration: True
Use ddim sampler
Data shape for DDIM sampling is (1, 8, 216, 20), eta 1.0
Running DDIM Sampling with 200 timesteps
Non-fatal Warning [dataset.py]: The wav path " wavs/LJ027-0133.wav " is not find in the metadata. Use empty waveform instead. This is normal in the inference process.
Given pitch_sketch: True | Given energy_sketch: True
Given pitch: False | Given energy: False | Given phoneme_duration: True
Use ddim sampler
Data shape for DDIM sampling is (1, 8, 216, 20), eta 1.0
Running DDIM Sampling with 200 timesteps
Non-fatal Warning [dataset.py]: The wav path " wavs/LJ013-0121.wav " is not find in the metadata. Use empty waveform instead. This is normal in the inference process.
Given pitch_sketch: True | Given energy_sketch: True
Given pitch: False | Given energy: False | Given phoneme_duration: True
Use ddim sampler
Data shape for DDIM sampling is (1, 8, 216, 20), eta 1.0
Running DDIM Sampling with 200 timesteps
Non-fatal Warning [dataset.py]: The wav path " wavs/LJ032-0004.wav " is not find in the metadata. Use empty waveform instead. This is normal in the inference process.
Given pitch_sketch: True | Given energy_sketch: True
Given pitch: False | Given energy: False | Given phoneme_duration: True
Use ddim sampler
Data shape for DDIM sampling is (1, 8, 216, 20), eta 1.0
Running DDIM Sampling with 200 timesteps
Non-fatal Warning [dataset.py]: The wav path " wavs/LJ017-0183.wav " is not find in the metadata. Use empty waveform instead. This is normal in the inference process.
Given pitch_sketch: True | Given energy_sketch: True
Given pitch: False | Given energy: False | Given phoneme_duration: True
Use ddim sampler
Data shape for DDIM sampling is (1, 8, 216, 20), eta 1.0
Running DDIM Sampling with 200 timesteps
Non-fatal Warning [dataset.py]: The wav path " wavs/LJ006-0291.wav " is not find in the metadata. Use empty waveform instead. This is normal in the inference process.
Given pitch_sketch: True | Given energy_sketch: True
Given pitch: False | Given energy: False | Given phoneme_duration: True
Use ddim sampler
Data shape for DDIM sampling is (1, 8, 216, 20), eta 1.0
Running DDIM Sampling with 200 timesteps
Non-fatal Warning [dataset.py]: The wav path " wavs/LJ049-0067.wav " is not find in the metadata. Use empty waveform instead. This is normal in the inference process.
Given pitch_sketch: True | Given energy_sketch: True
Given pitch: False | Given energy: False | Given phoneme_duration: True
Use ddim sampler
Data shape for DDIM sampling is (1, 8, 216, 20), eta 1.0
Running DDIM Sampling with 200 timesteps
Non-fatal Warning [dataset.py]: The wav path " wavs/LJ015-0184.wav " is not find in the metadata. Use empty waveform instead. This is normal in the inference process.
Given pitch_sketch: True | Given energy_sketch: True
Given pitch: False | Given energy: False | Given phoneme_duration: True
Use ddim sampler
Data shape for DDIM sampling is (1, 8, 216, 20), eta 1.0
Running DDIM Sampling with 200 timesteps
Non-fatal Warning [dataset.py]: The wav path " wavs/LJ018-0049.wav " is not find in the metadata. Use empty waveform instead. This is normal in the inference process.
Given pitch_sketch: True | Given energy_sketch: True
Given pitch: False | Given energy: False | Given phoneme_duration: True
Use ddim sampler
Data shape for DDIM sampling is (1, 8, 216, 20), eta 1.0
Running DDIM Sampling with 200 timesteps
Non-fatal Warning [dataset.py]: The wav path " wavs/LJ008-0094.wav " is not find in the metadata. Use empty waveform instead. This is normal in the inference process.
Given pitch_sketch: True | Given energy_sketch: True
Given pitch: False | Given energy: False | Given phoneme_duration: True
Use ddim sampler
Data shape for DDIM sampling is (1, 8, 216, 20), eta 1.0
Running DDIM Sampling with 200 timesteps
Non-fatal Warning [dataset.py]: The wav path " wavs/LJ042-0172.wav " is not find in the metadata. Use empty waveform instead. This is normal in the inference process.
Given pitch_sketch: True | Given energy_sketch: True
Given pitch: False | Given energy: False | Given phoneme_duration: True
Use ddim sampler
Data shape for DDIM sampling is (1, 8, 216, 20), eta 1.0
Running DDIM Sampling with 200 timesteps
Non-fatal Warning [dataset.py]: The wav path " wavs/LJ026-0073.wav " is not find in the metadata. Use empty waveform instead. This is normal in the inference process.
Given pitch_sketch: True | Given energy_sketch: True
Given pitch: False | Given energy: False | Given phoneme_duration: True
Use ddim sampler
Data shape for DDIM sampling is (1, 8, 216, 20), eta 1.0
Running DDIM Sampling with 200 timesteps
Non-fatal Warning [dataset.py]: The wav path " wavs/LJ002-0272.wav " is not find in the metadata. Use empty waveform instead. This is normal in the inference process.
Given pitch_sketch: True | Given energy_sketch: True
Given pitch: False | Given energy: False | Given phoneme_duration: True
Use ddim sampler
Data shape for DDIM sampling is (1, 8, 216, 20), eta 1.0
Running DDIM Sampling with 200 timesteps
Non-fatal Warning [dataset.py]: The wav path " wavs/LJ002-0031.wav " is not find in the metadata. Use empty waveform instead. This is normal in the inference process.
Given pitch_sketch: True | Given energy_sketch: True
Given pitch: False | Given energy: False | Given phoneme_duration: True
Use ddim sampler
Data shape for DDIM sampling is (1, 8, 216, 20), eta 1.0
Running DDIM Sampling with 200 timesteps
Non-fatal Warning [dataset.py]: The wav path " wavs/LJ022-0124.wav " is not find in the metadata. Use empty waveform instead. This is normal in the inference process.
Given pitch_sketch: True | Given energy_sketch: True
Given pitch: False | Given energy: False | Given phoneme_duration: True
Use ddim sampler
Data shape for DDIM sampling is (1, 8, 216, 20), eta 1.0
Running DDIM Sampling with 200 timesteps
Non-fatal Warning [dataset.py]: The wav path " wavs/LJ021-0182.wav " is not find in the metadata. Use empty waveform instead. This is normal in the inference process.
Given pitch_sketch: True | Given energy_sketch: True
Given pitch: False | Given energy: False | Given phoneme_duration: True
Use ddim sampler
Data shape for DDIM sampling is (1, 8, 216, 20), eta 1.0
Running DDIM Sampling with 200 timesteps
Non-fatal Warning [dataset.py]: The wav path " wavs/LJ028-0451.wav " is not find in the metadata. Use empty waveform instead. This is normal in the inference process.
Given pitch_sketch: True | Given energy_sketch: True
Given pitch: False | Given energy: False | Given phoneme_duration: True
Use ddim sampler
Data shape for DDIM sampling is (1, 8, 216, 20), eta 1.0
Running DDIM Sampling with 200 timesteps
Non-fatal Warning [dataset.py]: The wav path " wavs/LJ037-0074.wav " is not find in the metadata. Use empty waveform instead. This is normal in the inference process.
Given pitch_sketch: True | Given energy_sketch: True
Given pitch: False | Given energy: False | Given phoneme_duration: True
Use ddim sampler
Data shape for DDIM sampling is (1, 8, 216, 20), eta 1.0
Running DDIM Sampling with 200 timesteps
Non-fatal Warning [dataset.py]: The wav path " wavs/LJ004-0066.wav " is not find in the metadata. Use empty waveform instead. This is normal in the inference process.
Given pitch_sketch: True | Given energy_sketch: True
Given pitch: False | Given energy: False | Given phoneme_duration: True
Use ddim sampler
Data shape for DDIM sampling is (1, 8, 216, 20), eta 1.0
Running DDIM Sampling with 200 timesteps
Non-fatal Warning [dataset.py]: The wav path " wavs/LJ003-0056.wav " is not find in the metadata. Use empty waveform instead. This is normal in the inference process.
Given pitch_sketch: True | Given energy_sketch: True
Given pitch: False | Given energy: False | Given phoneme_duration: True
Use ddim sampler
Data shape for DDIM sampling is (1, 8, 216, 20), eta 1.0
Running DDIM Sampling with 200 timesteps
Non-fatal Warning [dataset.py]: The wav path " wavs/LJ030-0075.wav " is not find in the metadata. Use empty waveform instead. This is normal in the inference process.
Given pitch_sketch: True | Given energy_sketch: True
Given pitch: False | Given energy: False | Given phoneme_duration: True
Use ddim sampler
Data shape for DDIM sampling is (1, 8, 216, 20), eta 1.0
Running DDIM Sampling with 200 timesteps
Non-fatal Warning [dataset.py]: The wav path " wavs/LJ017-0120.wav " is not find in the metadata. Use empty waveform instead. This is normal in the inference process.
Given pitch_sketch: True | Given energy_sketch: True
Given pitch: False | Given energy: False | Given phoneme_duration: True
Use ddim sampler
Data shape for DDIM sampling is (1, 8, 216, 20), eta 1.0
Running DDIM Sampling with 200 timesteps
Non-fatal Warning [dataset.py]: The wav path " wavs/LJ014-0123.wav " is not find in the metadata. Use empty waveform instead. This is normal in the inference process.
Given pitch_sketch: True | Given energy_sketch: True
Given pitch: False | Given energy: False | Given phoneme_duration: True
Use ddim sampler
Data shape for DDIM sampling is (1, 8, 216, 20), eta 1.0
Running DDIM Sampling with 200 timesteps
Non-fatal Warning [dataset.py]: The wav path " wavs/LJ019-0153.wav " is not find in the metadata. Use empty waveform instead. This is normal in the inference process.
Given pitch_sketch: True | Given energy_sketch: True
Given pitch: False | Given energy: False | Given phoneme_duration: True
Use ddim sampler
Data shape for DDIM sampling is (1, 8, 216, 20), eta 1.0
Running DDIM Sampling with 200 timesteps
Non-fatal Warning [dataset.py]: The wav path " wavs/LJ006-0070.wav " is not find in the metadata. Use empty waveform instead. This is normal in the inference process.
Given pitch_sketch: True | Given energy_sketch: True
Given pitch: False | Given energy: False | Given phoneme_duration: True
Use ddim sampler
Data shape for DDIM sampling is (1, 8, 216, 20), eta 1.0
Running DDIM Sampling with 200 timesteps
Non-fatal Warning [dataset.py]: The wav path " wavs/LJ046-0145.wav " is not find in the metadata. Use empty waveform instead. This is normal in the inference process.
Given pitch_sketch: True | Given energy_sketch: True
Given pitch: False | Given energy: False | Given phoneme_duration: True
Use ddim sampler
Data shape for DDIM sampling is (1, 8, 216, 20), eta 1.0
Running DDIM Sampling with 200 timesteps
Non-fatal Warning [dataset.py]: The wav path " wavs/LJ013-0009.wav " is not find in the metadata. Use empty waveform instead. This is normal in the inference process.
Given pitch_sketch: True | Given energy_sketch: True
Given pitch: False | Given energy: False | Given phoneme_duration: True
Use ddim sampler
Data shape for DDIM sampling is (1, 8, 216, 20), eta 1.0
Running DDIM Sampling with 200 timesteps
Non-fatal Warning [dataset.py]: The wav path " wavs/LJ007-0170.wav " is not find in the metadata. Use empty waveform instead. This is normal in the inference process.
Given pitch_sketch: True | Given energy_sketch: True
Given pitch: False | Given energy: False | Given phoneme_duration: True
Use ddim sampler
Data shape for DDIM sampling is (1, 8, 216, 20), eta 1.0
Running DDIM Sampling with 200 timesteps
Non-fatal Warning [dataset.py]: The wav path " wavs/LJ003-0076.wav " is not find in the metadata. Use empty waveform instead. This is normal in the inference process.
Given pitch_sketch: True | Given energy_sketch: True
Given pitch: False | Given energy: False | Given phoneme_duration: True
Use ddim sampler
Data shape for DDIM sampling is (1, 8, 216, 20), eta 1.0
Running DDIM Sampling with 200 timesteps
Non-fatal Warning [dataset.py]: The wav path " wavs/LJ006-0170.wav " is not find in the metadata. Use empty waveform instead. This is normal in the inference process.
Given pitch_sketch: True | Given energy_sketch: True
Given pitch: False | Given energy: False | Given phoneme_duration: True
Use ddim sampler
Data shape for DDIM sampling is (1, 8, 216, 20), eta 1.0
Running DDIM Sampling with 200 timesteps
Non-fatal Warning [dataset.py]: The wav path " wavs/LJ007-0093.wav " is not find in the metadata. Use empty waveform instead. This is normal in the inference process.
Given pitch_sketch: True | Given energy_sketch: True
Given pitch: False | Given energy: False | Given phoneme_duration: True
Use ddim sampler
Data shape for DDIM sampling is (1, 8, 216, 20), eta 1.0
Running DDIM Sampling with 200 timesteps
Non-fatal Warning [dataset.py]: The wav path " wavs/LJ015-0206.wav " is not find in the metadata. Use empty waveform instead. This is normal in the inference process.
Given pitch_sketch: True | Given energy_sketch: True
Given pitch: False | Given energy: False | Given phoneme_duration: True
Use ddim sampler
Data shape for DDIM sampling is (1, 8, 216, 20), eta 1.0
Running DDIM Sampling with 200 timesteps
Non-fatal Warning [dataset.py]: The wav path " wavs/LJ049-0218.wav " is not find in the metadata. Use empty waveform instead. This is normal in the inference process.
Given pitch_sketch: True | Given energy_sketch: True
Given pitch: False | Given energy: False | Given phoneme_duration: True
Use ddim sampler
Data shape for DDIM sampling is (1, 8, 216, 20), eta 1.0
Running DDIM Sampling with 200 timesteps
Non-fatal Warning [dataset.py]: The wav path " wavs/LJ025-0034.wav " is not find in the metadata. Use empty waveform instead. This is normal in the inference process.
Given pitch_sketch: True | Given energy_sketch: True
Given pitch: False | Given energy: False | Given phoneme_duration: True
Use ddim sampler
Data shape for DDIM sampling is (1, 8, 216, 20), eta 1.0
Running DDIM Sampling with 200 timesteps
Non-fatal Warning [dataset.py]: The wav path " wavs/LJ010-0055.wav " is not find in the metadata. Use empty waveform instead. This is normal in the inference process.
Given pitch_sketch: True | Given energy_sketch: True
Given pitch: False | Given energy: False | Given phoneme_duration: True
Use ddim sampler
Data shape for DDIM sampling is (1, 8, 216, 20), eta 1.0
Running DDIM Sampling with 200 timesteps
Non-fatal Warning [dataset.py]: The wav path " wavs/LJ007-0017.wav " is not find in the metadata. Use empty waveform instead. This is normal in the inference process.
Given pitch_sketch: True | Given energy_sketch: True
Given pitch: False | Given energy: False | Given phoneme_duration: True
Use ddim sampler
Data shape for DDIM sampling is (1, 8, 216, 20), eta 1.0
Running DDIM Sampling with 200 timesteps
Non-fatal Warning [dataset.py]: The wav path " wavs/LJ028-0410.wav " is not find in the metadata. Use empty waveform instead. This is normal in the inference process.
Given pitch_sketch: True | Given energy_sketch: True
Given pitch: False | Given energy: False | Given phoneme_duration: True
Use ddim sampler
Data shape for DDIM sampling is (1, 8, 216, 20), eta 1.0
Running DDIM Sampling with 200 timesteps
Non-fatal Warning [dataset.py]: The wav path " wavs/LJ034-0109.wav " is not find in the metadata. Use empty waveform instead. This is normal in the inference process.
Given pitch_sketch: True | Given energy_sketch: True
Given pitch: False | Given energy: False | Given phoneme_duration: True
Use ddim sampler
Data shape for DDIM sampling is (1, 8, 216, 20), eta 1.0
Running DDIM Sampling with 200 timesteps
Non-fatal Warning [dataset.py]: The wav path " wavs/LJ040-0013.wav " is not find in the metadata. Use empty waveform instead. This is normal in the inference process.
Given pitch_sketch: True | Given energy_sketch: True
Given pitch: False | Given energy: False | Given phoneme_duration: True
Use ddim sampler
Data shape for DDIM sampling is (1, 8, 216, 20), eta 1.0
Running DDIM Sampling with 200 timesteps
Non-fatal Warning [dataset.py]: The wav path " wavs/LJ011-0025.wav " is not find in the metadata. Use empty waveform instead. This is normal in the inference process.
Given pitch_sketch: True | Given energy_sketch: True
Given pitch: False | Given energy: False | Given phoneme_duration: True
Use ddim sampler
Data shape for DDIM sampling is (1, 8, 216, 20), eta 1.0
Running DDIM Sampling with 200 timesteps
Non-fatal Warning [dataset.py]: The wav path " wavs/LJ023-0053.wav " is not find in the metadata. Use empty waveform instead. This is normal in the inference process.
Given pitch_sketch: True | Given energy_sketch: True
Given pitch: False | Given energy: False | Given phoneme_duration: True
Use ddim sampler
Data shape for DDIM sampling is (1, 8, 216, 20), eta 1.0
Running DDIM Sampling with 200 timesteps
Non-fatal Warning [dataset.py]: The wav path " wavs/LJ050-0178.wav " is not find in the metadata. Use empty waveform instead. This is normal in the inference process.
Given pitch_sketch: True | Given energy_sketch: True
Given pitch: False | Given energy: False | Given phoneme_duration: True
Use ddim sampler
Data shape for DDIM sampling is (1, 8, 216, 20), eta 1.0
Running DDIM Sampling with 200 timesteps
Non-fatal Warning [dataset.py]: The wav path " wavs/LJ005-0087.wav " is not find in the metadata. Use empty waveform instead. This is normal in the inference process.
Given pitch_sketch: True | Given energy_sketch: True
Given pitch: False | Given energy: False | Given phoneme_duration: True
Use ddim sampler
Data shape for DDIM sampling is (1, 8, 216, 20), eta 1.0
Running DDIM Sampling with 200 timesteps
Non-fatal Warning [dataset.py]: The wav path " wavs/LJ020-0059.wav " is not find in the metadata. Use empty waveform instead. This is normal in the inference process.
Given pitch_sketch: True | Given energy_sketch: True
Given pitch: False | Given energy: False | Given phoneme_duration: True
Use ddim sampler
Data shape for DDIM sampling is (1, 8, 216, 20), eta 1.0
Running DDIM Sampling with 200 timesteps
Non-fatal Warning [dataset.py]: The wav path " wavs/LJ049-0021.wav " is not find in the metadata. Use empty waveform instead. This is normal in the inference process.
Given pitch_sketch: True | Given energy_sketch: True
Given pitch: False | Given energy: False | Given phoneme_duration: True
Use ddim sampler
Data shape for DDIM sampling is (1, 8, 216, 20), eta 1.0
Running DDIM Sampling with 200 timesteps
Non-fatal Warning [dataset.py]: The wav path " wavs/LJ034-0138.wav " is not find in the metadata. Use empty waveform instead. This is normal in the inference process.
Given pitch_sketch: True | Given energy_sketch: True
Given pitch: False | Given energy: False | Given phoneme_duration: True
Use ddim sampler
Data shape for DDIM sampling is (1, 8, 216, 20), eta 1.0
Running DDIM Sampling with 200 timesteps
Non-fatal Warning [dataset.py]: The wav path " wavs/LJ016-0210.wav " is not find in the metadata. Use empty waveform instead. This is normal in the inference process.
Given pitch_sketch: True | Given energy_sketch: True
Given pitch: False | Given energy: False | Given phoneme_duration: True
Use ddim sampler
Data shape for DDIM sampling is (1, 8, 216, 20), eta 1.0
Running DDIM Sampling with 200 timesteps
Non-fatal Warning [dataset.py]: The wav path " wavs/LJ043-0115.wav " is not find in the metadata. Use empty waveform instead. This is normal in the inference process.
Given pitch_sketch: True | Given energy_sketch: True
Given pitch: False | Given energy: False | Given phoneme_duration: True
Use ddim sampler
Data shape for DDIM sampling is (1, 8, 216, 20), eta 1.0
Running DDIM Sampling with 200 timesteps
Non-fatal Warning [dataset.py]: The wav path " wavs/LJ033-0066.wav " is not find in the metadata. Use empty waveform instead. This is normal in the inference process.
Given pitch_sketch: True | Given energy_sketch: True
Given pitch: False | Given energy: False | Given phoneme_duration: True
Use ddim sampler
Data shape for DDIM sampling is (1, 8, 216, 20), eta 1.0
Running DDIM Sampling with 200 timesteps
Non-fatal Warning [dataset.py]: The wav path " wavs/LJ037-0096.wav " is not find in the metadata. Use empty waveform instead. This is normal in the inference process.
Given pitch_sketch: True | Given energy_sketch: True
Given pitch: False | Given energy: False | Given phoneme_duration: True
Use ddim sampler
Data shape for DDIM sampling is (1, 8, 216, 20), eta 1.0
Running DDIM Sampling with 200 timesteps
Non-fatal Warning [dataset.py]: The wav path " wavs/LJ012-0278.wav " is not find in the metadata. Use empty waveform instead. This is normal in the inference process.
Given pitch_sketch: True | Given energy_sketch: True
Given pitch: False | Given energy: False | Given phoneme_duration: True
Use ddim sampler
Data shape for DDIM sampling is (1, 8, 216, 20), eta 1.0
Running DDIM Sampling with 200 timesteps
Non-fatal Warning [dataset.py]: The wav path " wavs/LJ041-0101.wav " is not find in the metadata. Use empty waveform instead. This is normal in the inference process.
Given pitch_sketch: True | Given energy_sketch: True
Given pitch: False | Given energy: False | Given phoneme_duration: True
Use ddim sampler
Data shape for DDIM sampling is (1, 8, 216, 20), eta 1.0
Running DDIM Sampling with 200 timesteps
Non-fatal Warning [dataset.py]: The wav path " wavs/LJ004-0185.wav " is not find in the metadata. Use empty waveform instead. This is normal in the inference process.
Given pitch_sketch: True | Given energy_sketch: True
Given pitch: False | Given energy: False | Given phoneme_duration: True
Use ddim sampler
Data shape for DDIM sampling is (1, 8, 216, 20), eta 1.0
Running DDIM Sampling with 200 timesteps
Non-fatal Warning [dataset.py]: The wav path " wavs/LJ004-0144.wav " is not find in the metadata. Use empty waveform instead. This is normal in the inference process.
Given pitch_sketch: True | Given energy_sketch: True
Given pitch: False | Given energy: False | Given phoneme_duration: True
Use ddim sampler
Data shape for DDIM sampling is (1, 8, 216, 20), eta 1.0
Running DDIM Sampling with 200 timesteps
Non-fatal Warning [dataset.py]: The wav path " wavs/LJ036-0117.wav " is not find in the metadata. Use empty waveform instead. This is normal in the inference process.
Given pitch_sketch: True | Given energy_sketch: True
Given pitch: False | Given energy: False | Given phoneme_duration: True
Use ddim sampler
Data shape for DDIM sampling is (1, 8, 216, 20), eta 1.0
Running DDIM Sampling with 200 timesteps
Non-fatal Warning [dataset.py]: The wav path " wavs/LJ028-0498.wav " is not find in the metadata. Use empty waveform instead. This is normal in the inference process.
Given pitch_sketch: True | Given energy_sketch: True
Given pitch: False | Given energy: False | Given phoneme_duration: True
Use ddim sampler
Data shape for DDIM sampling is (1, 8, 216, 20), eta 1.0
Running DDIM Sampling with 200 timesteps
Non-fatal Warning [dataset.py]: The wav path " wavs/LJ032-0058.wav " is not find in the metadata. Use empty waveform instead. This is normal in the inference process.
Given pitch_sketch: True | Given energy_sketch: True
Given pitch: False | Given energy: False | Given phoneme_duration: True
Use ddim sampler
Data shape for DDIM sampling is (1, 8, 216, 20), eta 1.0
Running DDIM Sampling with 200 timesteps
Non-fatal Warning [dataset.py]: The wav path " wavs/LJ018-0133.wav " is not find in the metadata. Use empty waveform instead. This is normal in the inference process.
Given pitch_sketch: True | Given energy_sketch: True
Given pitch: False | Given energy: False | Given phoneme_duration: True
Use ddim sampler
Data shape for DDIM sampling is (1, 8, 216, 20), eta 1.0
Running DDIM Sampling with 200 timesteps
Non-fatal Warning [dataset.py]: The wav path " wavs/LJ040-0140.wav " is not find in the metadata. Use empty waveform instead. This is normal in the inference process.
Given pitch_sketch: True | Given energy_sketch: True
Given pitch: False | Given energy: False | Given phoneme_duration: True
Use ddim sampler
Data shape for DDIM sampling is (1, 8, 216, 20), eta 1.0
Running DDIM Sampling with 200 timesteps
Non-fatal Warning [dataset.py]: The wav path " wavs/LJ024-0072.wav " is not find in the metadata. Use empty waveform instead. This is normal in the inference process.
Given pitch_sketch: True | Given energy_sketch: True
Given pitch: False | Given energy: False | Given phoneme_duration: True
Use ddim sampler
Data shape for DDIM sampling is (1, 8, 216, 20), eta 1.0
Running DDIM Sampling with 200 timesteps
Non-fatal Warning [dataset.py]: The wav path " wavs/LJ015-0177.wav " is not find in the metadata. Use empty waveform instead. This is normal in the inference process.
Given pitch_sketch: True | Given energy_sketch: True
Given pitch: False | Given energy: False | Given phoneme_duration: True
Use ddim sampler
Data shape for DDIM sampling is (1, 8, 216, 20), eta 1.0
Running DDIM Sampling with 200 timesteps
Non-fatal Warning [dataset.py]: The wav path " wavs/LJ002-0152.wav " is not find in the metadata. Use empty waveform instead. This is normal in the inference process.
Given pitch_sketch: True | Given energy_sketch: True
Given pitch: False | Given energy: False | Given phoneme_duration: True
Use ddim sampler
Data shape for DDIM sampling is (1, 8, 216, 20), eta 1.0
Running DDIM Sampling with 200 timesteps
Non-fatal Warning [dataset.py]: The wav path " wavs/LJ019-0109.wav " is not find in the metadata. Use empty waveform instead. This is normal in the inference process.
Given pitch_sketch: True | Given energy_sketch: True
Given pitch: False | Given energy: False | Given phoneme_duration: True
Use ddim sampler
Data shape for DDIM sampling is (1, 8, 216, 20), eta 1.0
Running DDIM Sampling with 200 timesteps
Non-fatal Warning [dataset.py]: The wav path " wavs/LJ047-0175.wav " is not find in the metadata. Use empty waveform instead. This is normal in the inference process.
Given pitch_sketch: True | Given energy_sketch: True
Given pitch: False | Given energy: False | Given phoneme_duration: True
Use ddim sampler
Data shape for DDIM sampling is (1, 8, 216, 20), eta 1.0
Running DDIM Sampling with 200 timesteps
Non-fatal Warning [dataset.py]: The wav path " wavs/LJ013-0205.wav " is not find in the metadata. Use empty waveform instead. This is normal in the inference process.
Given pitch_sketch: True | Given energy_sketch: True
Given pitch: False | Given energy: False | Given phoneme_duration: True
Use ddim sampler
Data shape for DDIM sampling is (1, 8, 216, 20), eta 1.0
Running DDIM Sampling with 200 timesteps
Non-fatal Warning [dataset.py]: The wav path " wavs/LJ002-0151.wav " is not find in the metadata. Use empty waveform instead. This is normal in the inference process.
Given pitch_sketch: True | Given energy_sketch: True
Given pitch: False | Given energy: False | Given phoneme_duration: True
Use ddim sampler
Data shape for DDIM sampling is (1, 8, 216, 20), eta 1.0
Running DDIM Sampling with 200 timesteps
Non-fatal Warning [dataset.py]: The wav path " wavs/LJ044-0044.wav " is not find in the metadata. Use empty waveform instead. This is normal in the inference process.
Given pitch_sketch: True | Given energy_sketch: True
Given pitch: False | Given energy: False | Given phoneme_duration: True
Use ddim sampler
Data shape for DDIM sampling is (1, 8, 216, 20), eta 1.0
Running DDIM Sampling with 200 timesteps
Non-fatal Warning [dataset.py]: The wav path " wavs/LJ048-0260.wav " is not find in the metadata. Use empty waveform instead. This is normal in the inference process.
Given pitch_sketch: True | Given energy_sketch: True
Given pitch: False | Given energy: False | Given phoneme_duration: True
Use ddim sampler
Data shape for DDIM sampling is (1, 8, 216, 20), eta 1.0
Running DDIM Sampling with 200 timesteps
Non-fatal Warning [dataset.py]: The wav path " wavs/LJ011-0005.wav " is not find in the metadata. Use empty waveform instead. This is normal in the inference process.
Given pitch_sketch: True | Given energy_sketch: True
Given pitch: False | Given energy: False | Given phoneme_duration: True
Use ddim sampler
Data shape for DDIM sampling is (1, 8, 216, 20), eta 1.0
Running DDIM Sampling with 200 timesteps
Non-fatal Warning [dataset.py]: The wav path " wavs/LJ035-0189.wav " is not find in the metadata. Use empty waveform instead. This is normal in the inference process.
Given pitch_sketch: True | Given energy_sketch: True
Given pitch: False | Given energy: False | Given phoneme_duration: True
Use ddim sampler
Data shape for DDIM sampling is (1, 8, 216, 20), eta 1.0
Running DDIM Sampling with 200 timesteps
Non-fatal Warning [dataset.py]: The wav path " wavs/LJ041-0082.wav " is not find in the metadata. Use empty waveform instead. This is normal in the inference process.
Given pitch_sketch: True | Given energy_sketch: True
Given pitch: False | Given energy: False | Given phoneme_duration: True
Use ddim sampler
Data shape for DDIM sampling is (1, 8, 216, 20), eta 1.0
Running DDIM Sampling with 200 timesteps
Non-fatal Warning [dataset.py]: The wav path " wavs/LJ013-0059.wav " is not find in the metadata. Use empty waveform instead. This is normal in the inference process.
Given pitch_sketch: True | Given energy_sketch: True
Given pitch: False | Given energy: False | Given phoneme_duration: True
Use ddim sampler
Data shape for DDIM sampling is (1, 8, 216, 20), eta 1.0
Running DDIM Sampling with 200 timesteps
Non-fatal Warning [dataset.py]: The wav path " wavs/LJ015-0188.wav " is not find in the metadata. Use empty waveform instead. This is normal in the inference process.
Given pitch_sketch: True | Given energy_sketch: True
Given pitch: False | Given energy: False | Given phoneme_duration: True
Use ddim sampler
Data shape for DDIM sampling is (1, 8, 216, 20), eta 1.0
Running DDIM Sampling with 200 timesteps
Non-fatal Warning [dataset.py]: The wav path " wavs/LJ007-0226.wav " is not find in the metadata. Use empty waveform instead. This is normal in the inference process.
Given pitch_sketch: True | Given energy_sketch: True
Given pitch: False | Given energy: False | Given phoneme_duration: True
Use ddim sampler
Data shape for DDIM sampling is (1, 8, 216, 20), eta 1.0
Running DDIM Sampling with 200 timesteps
Non-fatal Warning [dataset.py]: The wav path " wavs/LJ035-0007.wav " is not find in the metadata. Use empty waveform instead. This is normal in the inference process.
Given pitch_sketch: True | Given energy_sketch: True
Given pitch: False | Given energy: False | Given phoneme_duration: True
Use ddim sampler
Data shape for DDIM sampling is (1, 8, 216, 20), eta 1.0
Running DDIM Sampling with 200 timesteps
Non-fatal Warning [dataset.py]: The wav path " wavs/LJ018-0359.wav " is not find in the metadata. Use empty waveform instead. This is normal in the inference process.
Given pitch_sketch: True | Given energy_sketch: True
Given pitch: False | Given energy: False | Given phoneme_duration: True
Use ddim sampler
Data shape for DDIM sampling is (1, 8, 216, 20), eta 1.0
Running DDIM Sampling with 200 timesteps
Non-fatal Warning [dataset.py]: The wav path " wavs/LJ037-0155.wav " is not find in the metadata. Use empty waveform instead. This is normal in the inference process.
Given pitch_sketch: True | Given energy_sketch: True
Given pitch: False | Given energy: False | Given phoneme_duration: True
Use ddim sampler
Data shape for DDIM sampling is (1, 8, 216, 20), eta 1.0
Running DDIM Sampling with 200 timesteps
Non-fatal Warning [dataset.py]: The wav path " wavs/LJ041-0049.wav " is not find in the metadata. Use empty waveform instead. This is normal in the inference process.
Given pitch_sketch: True | Given energy_sketch: True
Given pitch: False | Given energy: False | Given phoneme_duration: True
Use ddim sampler
Data shape for DDIM sampling is (1, 8, 216, 20), eta 1.0
Running DDIM Sampling with 200 timesteps
Non-fatal Warning [dataset.py]: The wav path " wavs/LJ017-0216.wav " is not find in the metadata. Use empty waveform instead. This is normal in the inference process.
Given pitch_sketch: True | Given energy_sketch: True
Given pitch: False | Given energy: False | Given phoneme_duration: True
Use ddim sampler
Data shape for DDIM sampling is (1, 8, 216, 20), eta 1.0
Running DDIM Sampling with 200 timesteps
Non-fatal Warning [dataset.py]: The wav path " wavs/LJ034-0200.wav " is not find in the metadata. Use empty waveform instead. This is normal in the inference process.
Given pitch_sketch: True | Given energy_sketch: True
Given pitch: False | Given energy: False | Given phoneme_duration: True
Use ddim sampler
Data shape for DDIM sampling is (1, 8, 216, 20), eta 1.0
Running DDIM Sampling with 200 timesteps
Non-fatal Warning [dataset.py]: The wav path " wavs/LJ019-0241.wav " is not find in the metadata. Use empty waveform instead. This is normal in the inference process.
Given pitch_sketch: True | Given energy_sketch: True
Given pitch: False | Given energy: False | Given phoneme_duration: True
Use ddim sampler
Data shape for DDIM sampling is (1, 8, 216, 20), eta 1.0
Running DDIM Sampling with 200 timesteps
Non-fatal Warning [dataset.py]: The wav path " wavs/LJ004-0157.wav " is not find in the metadata. Use empty waveform instead. This is normal in the inference process.
Given pitch_sketch: True | Given energy_sketch: True
Given pitch: False | Given energy: False | Given phoneme_duration: True
Use ddim sampler
Data shape for DDIM sampling is (1, 8, 216, 20), eta 1.0
Running DDIM Sampling with 200 timesteps
Non-fatal Warning [dataset.py]: The wav path " wavs/LJ030-0146.wav " is not find in the metadata. Use empty waveform instead. This is normal in the inference process.
Given pitch_sketch: True | Given energy_sketch: True
Given pitch: False | Given energy: False | Given phoneme_duration: True
Use ddim sampler
Data shape for DDIM sampling is (1, 8, 216, 20), eta 1.0
Running DDIM Sampling with 200 timesteps
Non-fatal Warning [dataset.py]: The wav path " wavs/LJ039-0223.wav " is not find in the metadata. Use empty waveform instead. This is normal in the inference process.
Given pitch_sketch: True | Given energy_sketch: True
Given pitch: False | Given energy: False | Given phoneme_duration: True
Use ddim sampler
Data shape for DDIM sampling is (1, 8, 216, 20), eta 1.0
Running DDIM Sampling with 200 timesteps
Non-fatal Warning [dataset.py]: The wav path " wavs/LJ005-0095.wav " is not find in the metadata. Use empty waveform instead. This is normal in the inference process.
Given pitch_sketch: True | Given energy_sketch: True
Given pitch: False | Given energy: False | Given phoneme_duration: True
Use ddim sampler
Data shape for DDIM sampling is (1, 8, 216, 20), eta 1.0
Running DDIM Sampling with 200 timesteps
Non-fatal Warning [dataset.py]: The wav path " wavs/LJ021-0168.wav " is not find in the metadata. Use empty waveform instead. This is normal in the inference process.
Given pitch_sketch: True | Given energy_sketch: True
Given pitch: False | Given energy: False | Given phoneme_duration: True
Use ddim sampler
Data shape for DDIM sampling is (1, 8, 216, 20), eta 1.0
Running DDIM Sampling with 200 timesteps
Non-fatal Warning [dataset.py]: The wav path " wavs/LJ007-0085.wav " is not find in the metadata. Use empty waveform instead. This is normal in the inference process.
Given pitch_sketch: True | Given energy_sketch: True
Given pitch: False | Given energy: False | Given phoneme_duration: True
Use ddim sampler
Data shape for DDIM sampling is (1, 8, 216, 20), eta 1.0
Running DDIM Sampling with 200 timesteps
Non-fatal Warning [dataset.py]: The wav path " wavs/LJ025-0085.wav " is not find in the metadata. Use empty waveform instead. This is normal in the inference process.
Given pitch_sketch: True | Given energy_sketch: True
Given pitch: False | Given energy: False | Given phoneme_duration: True
Use ddim sampler
Data shape for DDIM sampling is (1, 8, 216, 20), eta 1.0
Running DDIM Sampling with 200 timesteps
Non-fatal Warning [dataset.py]: The wav path " wavs/LJ001-0169.wav " is not find in the metadata. Use empty waveform instead. This is normal in the inference process.
Given pitch_sketch: True | Given energy_sketch: True
Given pitch: False | Given energy: False | Given phoneme_duration: True
Use ddim sampler
Data shape for DDIM sampling is (1, 8, 216, 20), eta 1.0
Running DDIM Sampling with 200 timesteps
Non-fatal Warning [dataset.py]: The wav path " wavs/LJ028-0056.wav " is not find in the metadata. Use empty waveform instead. This is normal in the inference process.
Given pitch_sketch: True | Given energy_sketch: True
Given pitch: False | Given energy: False | Given phoneme_duration: True
Use ddim sampler
Data shape for DDIM sampling is (1, 8, 216, 20), eta 1.0
Running DDIM Sampling with 200 timesteps
Non-fatal Warning [dataset.py]: The wav path " wavs/LJ041-0001.wav " is not find in the metadata. Use empty waveform instead. This is normal in the inference process.
Given pitch_sketch: True | Given energy_sketch: True
Given pitch: False | Given energy: False | Given phoneme_duration: True
Use ddim sampler
Data shape for DDIM sampling is (1, 8, 216, 20), eta 1.0
Running DDIM Sampling with 200 timesteps
Non-fatal Warning [dataset.py]: The wav path " wavs/LJ028-0278.wav " is not find in the metadata. Use empty waveform instead. This is normal in the inference process.
Given pitch_sketch: True | Given energy_sketch: True
Given pitch: False | Given energy: False | Given phoneme_duration: True
Use ddim sampler
Data shape for DDIM sampling is (1, 8, 216, 20), eta 1.0
Running DDIM Sampling with 200 timesteps
Non-fatal Warning [dataset.py]: The wav path " wavs/LJ007-0054.wav " is not find in the metadata. Use empty waveform instead. This is normal in the inference process.
Given pitch_sketch: True | Given energy_sketch: True
Given pitch: False | Given energy: False | Given phoneme_duration: True
Use ddim sampler
Data shape for DDIM sampling is (1, 8, 216, 20), eta 1.0
Running DDIM Sampling with 200 timesteps
Non-fatal Warning [dataset.py]: The wav path " wavs/LJ038-0135.wav " is not find in the metadata. Use empty waveform instead. This is normal in the inference process.
Given pitch_sketch: True | Given energy_sketch: True
Given pitch: False | Given energy: False | Given phoneme_duration: True
Use ddim sampler
Data shape for DDIM sampling is (1, 8, 216, 20), eta 1.0
Running DDIM Sampling with 200 timesteps
Non-fatal Warning [dataset.py]: The wav path " wavs/LJ041-0134.wav " is not find in the metadata. Use empty waveform instead. This is normal in the inference process.
Given pitch_sketch: True | Given energy_sketch: True
Given pitch: False | Given energy: False | Given phoneme_duration: True
Use ddim sampler
Data shape for DDIM sampling is (1, 8, 216, 20), eta 1.0
Running DDIM Sampling with 200 timesteps
Non-fatal Warning [dataset.py]: The wav path " wavs/LJ046-0114.wav " is not find in the metadata. Use empty waveform instead. This is normal in the inference process.
Given pitch_sketch: True | Given energy_sketch: True
Given pitch: False | Given energy: False | Given phoneme_duration: True
Use ddim sampler
Data shape for DDIM sampling is (1, 8, 216, 20), eta 1.0
Running DDIM Sampling with 200 timesteps
Non-fatal Warning [dataset.py]: The wav path " wavs/LJ047-0093.wav " is not find in the metadata. Use empty waveform instead. This is normal in the inference process.
Given pitch_sketch: True | Given energy_sketch: True
Given pitch: False | Given energy: False | Given phoneme_duration: True
Use ddim sampler
Data shape for DDIM sampling is (1, 8, 216, 20), eta 1.0
Running DDIM Sampling with 200 timesteps
Non-fatal Warning [dataset.py]: The wav path " wavs/LJ010-0066.wav " is not find in the metadata. Use empty waveform instead. This is normal in the inference process.
Given pitch_sketch: True | Given energy_sketch: True
Given pitch: False | Given energy: False | Given phoneme_duration: True
Use ddim sampler
Data shape for DDIM sampling is (1, 8, 216, 20), eta 1.0
Running DDIM Sampling with 200 timesteps
Non-fatal Warning [dataset.py]: The wav path " wavs/LJ032-0158.wav " is not find in the metadata. Use empty waveform instead. This is normal in the inference process.
Given pitch_sketch: True | Given energy_sketch: True
Given pitch: False | Given energy: False | Given phoneme_duration: True
Use ddim sampler
Data shape for DDIM sampling is (1, 8, 216, 20), eta 1.0
Running DDIM Sampling with 200 timesteps
Non-fatal Warning [dataset.py]: The wav path " wavs/LJ041-0136.wav " is not find in the metadata. Use empty waveform instead. This is normal in the inference process.
Given pitch_sketch: True | Given energy_sketch: True
Given pitch: False | Given energy: False | Given phoneme_duration: True
Use ddim sampler
Data shape for DDIM sampling is (1, 8, 216, 20), eta 1.0
Running DDIM Sampling with 200 timesteps
Non-fatal Warning [dataset.py]: The wav path " wavs/LJ048-0132.wav " is not find in the metadata. Use empty waveform instead. This is normal in the inference process.
Given pitch_sketch: True | Given energy_sketch: True
Given pitch: False | Given energy: False | Given phoneme_duration: True
Use ddim sampler
Data shape for DDIM sampling is (1, 8, 216, 20), eta 1.0
Running DDIM Sampling with 200 timesteps
Non-fatal Warning [dataset.py]: The wav path " wavs/LJ038-0207.wav " is not find in the metadata. Use empty waveform instead. This is normal in the inference process.
Given pitch_sketch: True | Given energy_sketch: True
Given pitch: False | Given energy: False | Given phoneme_duration: True
Use ddim sampler
Data shape for DDIM sampling is (1, 8, 216, 20), eta 1.0
Running DDIM Sampling with 200 timesteps
Non-fatal Warning [dataset.py]: The wav path " wavs/LJ012-0226.wav " is not find in the metadata. Use empty waveform instead. This is normal in the inference process.
Given pitch_sketch: True | Given energy_sketch: True
Given pitch: False | Given energy: False | Given phoneme_duration: True
Use ddim sampler
Data shape for DDIM sampling is (1, 8, 216, 20), eta 1.0
Running DDIM Sampling with 200 timesteps
Non-fatal Warning [dataset.py]: The wav path " wavs/LJ015-0276.wav " is not find in the metadata. Use empty waveform instead. This is normal in the inference process.
Given pitch_sketch: True | Given energy_sketch: True
Given pitch: False | Given energy: False | Given phoneme_duration: True
Use ddim sampler
Data shape for DDIM sampling is (1, 8, 216, 20), eta 1.0
Running DDIM Sampling with 200 timesteps
Non-fatal Warning [dataset.py]: The wav path " wavs/LJ037-0210.wav " is not find in the metadata. Use empty waveform instead. This is normal in the inference process.
Given pitch_sketch: True | Given energy_sketch: True
Given pitch: False | Given energy: False | Given phoneme_duration: True
Use ddim sampler
Data shape for DDIM sampling is (1, 8, 216, 20), eta 1.0
Running DDIM Sampling with 200 timesteps
Non-fatal Warning [dataset.py]: The wav path " wavs/LJ005-0011.wav " is not find in the metadata. Use empty waveform instead. This is normal in the inference process.
Given pitch_sketch: True | Given energy_sketch: True
Given pitch: False | Given energy: False | Given phoneme_duration: True
Use ddim sampler
Data shape for DDIM sampling is (1, 8, 216, 20), eta 1.0
Running DDIM Sampling with 200 timesteps
Non-fatal Warning [dataset.py]: The wav path " wavs/LJ042-0185.wav " is not find in the metadata. Use empty waveform instead. This is normal in the inference process.
Given pitch_sketch: True | Given energy_sketch: True
Given pitch: False | Given energy: False | Given phoneme_duration: True
Use ddim sampler
Data shape for DDIM sampling is (1, 8, 216, 20), eta 1.0
Running DDIM Sampling with 200 timesteps
Non-fatal Warning [dataset.py]: The wav path " wavs/LJ049-0199.wav " is not find in the metadata. Use empty waveform instead. This is normal in the inference process.
Given pitch_sketch: True | Given energy_sketch: True
Given pitch: False | Given energy: False | Given phoneme_duration: True
Use ddim sampler
Data shape for DDIM sampling is (1, 8, 216, 20), eta 1.0
Running DDIM Sampling with 200 timesteps
Non-fatal Warning [dataset.py]: The wav path " wavs/LJ024-0013.wav " is not find in the metadata. Use empty waveform instead. This is normal in the inference process.
Given pitch_sketch: True | Given energy_sketch: True
Given pitch: False | Given energy: False | Given phoneme_duration: True
Use ddim sampler
Data shape for DDIM sampling is (1, 8, 216, 20), eta 1.0
Running DDIM Sampling with 200 timesteps
Non-fatal Warning [dataset.py]: The wav path " wavs/LJ049-0144.wav " is not find in the metadata. Use empty waveform instead. This is normal in the inference process.
Given pitch_sketch: True | Given energy_sketch: True
Given pitch: False | Given energy: False | Given phoneme_duration: True
Use ddim sampler
Data shape for DDIM sampling is (1, 8, 216, 20), eta 1.0
Running DDIM Sampling with 200 timesteps
Non-fatal Warning [dataset.py]: The wav path " wavs/LJ009-0009.wav " is not find in the metadata. Use empty waveform instead. This is normal in the inference process.
Given pitch_sketch: True | Given energy_sketch: True
Given pitch: False | Given energy: False | Given phoneme_duration: True
Use ddim sampler
Data shape for DDIM sampling is (1, 8, 216, 20), eta 1.0
Running DDIM Sampling with 200 timesteps
Non-fatal Warning [dataset.py]: The wav path " wavs/LJ021-0022.wav " is not find in the metadata. Use empty waveform instead. This is normal in the inference process.
Given pitch_sketch: True | Given energy_sketch: True
Given pitch: False | Given energy: False | Given phoneme_duration: True
Use ddim sampler
Data shape for DDIM sampling is (1, 8, 216, 20), eta 1.0
Running DDIM Sampling with 200 timesteps
Non-fatal Warning [dataset.py]: The wav path " wavs/LJ003-0193.wav " is not find in the metadata. Use empty waveform instead. This is normal in the inference process.
Given pitch_sketch: True | Given energy_sketch: True
Given pitch: False | Given energy: False | Given phoneme_duration: True
Use ddim sampler
Data shape for DDIM sampling is (1, 8, 216, 20), eta 1.0
Running DDIM Sampling with 200 timesteps
Non-fatal Warning [dataset.py]: The wav path " wavs/LJ035-0129.wav " is not find in the metadata. Use empty waveform instead. This is normal in the inference process.
Given pitch_sketch: True | Given energy_sketch: True
Given pitch: False | Given energy: False | Given phoneme_duration: True
Use ddim sampler
Data shape for DDIM sampling is (1, 8, 216, 20), eta 1.0
Running DDIM Sampling with 200 timesteps
Non-fatal Warning [dataset.py]: The wav path " wavs/LJ029-0088.wav " is not find in the metadata. Use empty waveform instead. This is normal in the inference process.
Given pitch_sketch: True | Given energy_sketch: True
Given pitch: False | Given energy: False | Given phoneme_duration: True
Use ddim sampler
Data shape for DDIM sampling is (1, 8, 216, 20), eta 1.0
Running DDIM Sampling with 200 timesteps
Non-fatal Warning [dataset.py]: The wav path " wavs/LJ049-0130.wav " is not find in the metadata. Use empty waveform instead. This is normal in the inference process.
Given pitch_sketch: True | Given energy_sketch: True
Given pitch: False | Given energy: False | Given phoneme_duration: True
Use ddim sampler
Data shape for DDIM sampling is (1, 8, 216, 20), eta 1.0
Running DDIM Sampling with 200 timesteps
Non-fatal Warning [dataset.py]: The wav path " wavs/LJ017-0281.wav " is not find in the metadata. Use empty waveform instead. This is normal in the inference process.
Given pitch_sketch: True | Given energy_sketch: True
Given pitch: False | Given energy: False | Given phoneme_duration: True
Use ddim sampler
Data shape for DDIM sampling is (1, 8, 216, 20), eta 1.0
Running DDIM Sampling with 200 timesteps
Non-fatal Warning [dataset.py]: The wav path " wavs/LJ032-0272.wav " is not find in the metadata. Use empty waveform instead. This is normal in the inference process.
Given pitch_sketch: True | Given energy_sketch: True
Given pitch: False | Given energy: False | Given phoneme_duration: True
Use ddim sampler
Data shape for DDIM sampling is (1, 8, 216, 20), eta 1.0
Running DDIM Sampling with 200 timesteps
Non-fatal Warning [dataset.py]: The wav path " wavs/LJ027-0015.wav " is not find in the metadata. Use empty waveform instead. This is normal in the inference process.
Given pitch_sketch: True | Given energy_sketch: True
Given pitch: False | Given energy: False | Given phoneme_duration: True
Use ddim sampler
Data shape for DDIM sampling is (1, 8, 216, 20), eta 1.0
Running DDIM Sampling with 200 timesteps
Non-fatal Warning [dataset.py]: The wav path " wavs/LJ042-0148.wav " is not find in the metadata. Use empty waveform instead. This is normal in the inference process.
Given pitch_sketch: True | Given energy_sketch: True
Given pitch: False | Given energy: False | Given phoneme_duration: True
Use ddim sampler
Data shape for DDIM sampling is (1, 8, 216, 20), eta 1.0
Running DDIM Sampling with 200 timesteps
Non-fatal Warning [dataset.py]: The wav path " wavs/LJ017-0186.wav " is not find in the metadata. Use empty waveform instead. This is normal in the inference process.
Given pitch_sketch: True | Given energy_sketch: True
Given pitch: False | Given energy: False | Given phoneme_duration: True
Use ddim sampler
Data shape for DDIM sampling is (1, 8, 216, 20), eta 1.0
Running DDIM Sampling with 200 timesteps
Non-fatal Warning [dataset.py]: The wav path " wavs/LJ049-0222.wav " is not find in the metadata. Use empty waveform instead. This is normal in the inference process.
Given pitch_sketch: True | Given energy_sketch: True
Given pitch: False | Given energy: False | Given phoneme_duration: True
Use ddim sampler
Data shape for DDIM sampling is (1, 8, 216, 20), eta 1.0
Running DDIM Sampling with 200 timesteps
Non-fatal Warning [dataset.py]: The wav path " wavs/LJ010-0037.wav " is not find in the metadata. Use empty waveform instead. This is normal in the inference process.
Given pitch_sketch: True | Given energy_sketch: True
Given pitch: False | Given energy: False | Given phoneme_duration: True
Use ddim sampler
Data shape for DDIM sampling is (1, 8, 216, 20), eta 1.0
Running DDIM Sampling with 200 timesteps
Non-fatal Warning [dataset.py]: The wav path " wavs/LJ019-0240.wav " is not find in the metadata. Use empty waveform instead. This is normal in the inference process.
Given pitch_sketch: True | Given energy_sketch: True
Given pitch: False | Given energy: False | Given phoneme_duration: True
Use ddim sampler
Data shape for DDIM sampling is (1, 8, 216, 20), eta 1.0
Running DDIM Sampling with 200 timesteps
Non-fatal Warning [dataset.py]: The wav path " wavs/LJ008-0162.wav " is not find in the metadata. Use empty waveform instead. This is normal in the inference process.
Given pitch_sketch: True | Given energy_sketch: True
Given pitch: False | Given energy: False | Given phoneme_duration: True
Use ddim sampler
Data shape for DDIM sampling is (1, 8, 216, 20), eta 1.0
Running DDIM Sampling with 200 timesteps
Non-fatal Warning [dataset.py]: The wav path " wavs/LJ012-0092.wav " is not find in the metadata. Use empty waveform instead. This is normal in the inference process.
Given pitch_sketch: True | Given energy_sketch: True
Given pitch: False | Given energy: False | Given phoneme_duration: True
Use ddim sampler
Data shape for DDIM sampling is (1, 8, 216, 20), eta 1.0
Running DDIM Sampling with 200 timesteps
Non-fatal Warning [dataset.py]: The wav path " wavs/LJ029-0087.wav " is not find in the metadata. Use empty waveform instead. This is normal in the inference process.
Given pitch_sketch: True | Given energy_sketch: True
Given pitch: False | Given energy: False | Given phoneme_duration: True
Use ddim sampler
Data shape for DDIM sampling is (1, 8, 216, 20), eta 1.0
Running DDIM Sampling with 200 timesteps
Non-fatal Warning [dataset.py]: The wav path " wavs/LJ046-0141.wav " is not find in the metadata. Use empty waveform instead. This is normal in the inference process.
Given pitch_sketch: True | Given energy_sketch: True
Given pitch: False | Given energy: False | Given phoneme_duration: True
Use ddim sampler
Data shape for DDIM sampling is (1, 8, 216, 20), eta 1.0
Running DDIM Sampling with 200 timesteps
Non-fatal Warning [dataset.py]: The wav path " wavs/LJ005-0145.wav " is not find in the metadata. Use empty waveform instead. This is normal in the inference process.
Given pitch_sketch: True | Given energy_sketch: True
Given pitch: False | Given energy: False | Given phoneme_duration: True
Use ddim sampler
Data shape for DDIM sampling is (1, 8, 216, 20), eta 1.0
Running DDIM Sampling with 200 timesteps
Non-fatal Warning [dataset.py]: The wav path " wavs/LJ019-0343.wav " is not find in the metadata. Use empty waveform instead. This is normal in the inference process.
Given pitch_sketch: True | Given energy_sketch: True
Given pitch: False | Given energy: False | Given phoneme_duration: True
Use ddim sampler
Data shape for DDIM sampling is (1, 8, 216, 20), eta 1.0
Running DDIM Sampling with 200 timesteps
Non-fatal Warning [dataset.py]: The wav path " wavs/LJ047-0007.wav " is not find in the metadata. Use empty waveform instead. This is normal in the inference process.
Given pitch_sketch: True | Given energy_sketch: True
Given pitch: False | Given energy: False | Given phoneme_duration: True
Use ddim sampler
Data shape for DDIM sampling is (1, 8, 216, 20), eta 1.0
Running DDIM Sampling with 200 timesteps
Non-fatal Warning [dataset.py]: The wav path " wavs/LJ025-0004.wav " is not find in the metadata. Use empty waveform instead. This is normal in the inference process.
Given pitch_sketch: True | Given energy_sketch: True
Given pitch: False | Given energy: False | Given phoneme_duration: True
Use ddim sampler
Data shape for DDIM sampling is (1, 8, 216, 20), eta 1.0
Running DDIM Sampling with 200 timesteps
Non-fatal Warning [dataset.py]: The wav path " wavs/LJ009-0156.wav " is not find in the metadata. Use empty waveform instead. This is normal in the inference process.
Given pitch_sketch: True | Given energy_sketch: True
Given pitch: False | Given energy: False | Given phoneme_duration: True
Use ddim sampler
Data shape for DDIM sampling is (1, 8, 216, 20), eta 1.0
Running DDIM Sampling with 200 timesteps
Non-fatal Warning [dataset.py]: The wav path " wavs/LJ026-0003.wav " is not find in the metadata. Use empty waveform instead. This is normal in the inference process.
Given pitch_sketch: True | Given energy_sketch: True
Given pitch: False | Given energy: False | Given phoneme_duration: True
Use ddim sampler
Data shape for DDIM sampling is (1, 8, 216, 20), eta 1.0
Running DDIM Sampling with 200 timesteps
Non-fatal Warning [dataset.py]: The wav path " wavs/LJ007-0158.wav " is not find in the metadata. Use empty waveform instead. This is normal in the inference process.
Given pitch_sketch: True | Given energy_sketch: True
Given pitch: False | Given energy: False | Given phoneme_duration: True
Use ddim sampler
Data shape for DDIM sampling is (1, 8, 216, 20), eta 1.0
Running DDIM Sampling with 200 timesteps
Non-fatal Warning [dataset.py]: The wav path " wavs/LJ023-0119.wav " is not find in the metadata. Use empty waveform instead. This is normal in the inference process.
Given pitch_sketch: True | Given energy_sketch: True
Given pitch: False | Given energy: False | Given phoneme_duration: True
Use ddim sampler
Data shape for DDIM sampling is (1, 8, 216, 20), eta 1.0
Running DDIM Sampling with 200 timesteps
Non-fatal Warning [dataset.py]: The wav path " wavs/LJ022-0023.wav " is not find in the metadata. Use empty waveform instead. This is normal in the inference process.
Given pitch_sketch: True | Given energy_sketch: True
Given pitch: False | Given energy: False | Given phoneme_duration: True
Use ddim sampler
Data shape for DDIM sampling is (1, 8, 216, 20), eta 1.0
Running DDIM Sampling with 200 timesteps
Non-fatal Warning [dataset.py]: The wav path " wavs/LJ012-0200.wav " is not find in the metadata. Use empty waveform instead. This is normal in the inference process.
Given pitch_sketch: True | Given energy_sketch: True
Given pitch: False | Given energy: False | Given phoneme_duration: True
Use ddim sampler
Data shape for DDIM sampling is (1, 8, 216, 20), eta 1.0
Running DDIM Sampling with 200 timesteps
Non-fatal Warning [dataset.py]: The wav path " wavs/LJ007-0176.wav " is not find in the metadata. Use empty waveform instead. This is normal in the inference process.
Given pitch_sketch: True | Given energy_sketch: True
Given pitch: False | Given energy: False | Given phoneme_duration: True
Use ddim sampler
Data shape for DDIM sampling is (1, 8, 216, 20), eta 1.0
Running DDIM Sampling with 200 timesteps
Non-fatal Warning [dataset.py]: The wav path " wavs/LJ042-0209.wav " is not find in the metadata. Use empty waveform instead. This is normal in the inference process.
Given pitch_sketch: True | Given energy_sketch: True
Given pitch: False | Given energy: False | Given phoneme_duration: True
Use ddim sampler
Data shape for DDIM sampling is (1, 8, 216, 20), eta 1.0
Running DDIM Sampling with 200 timesteps
Non-fatal Warning [dataset.py]: The wav path " wavs/LJ014-0194.wav " is not find in the metadata. Use empty waveform instead. This is normal in the inference process.
Given pitch_sketch: True | Given energy_sketch: True
Given pitch: False | Given energy: False | Given phoneme_duration: True
Use ddim sampler
Data shape for DDIM sampling is (1, 8, 216, 20), eta 1.0
Running DDIM Sampling with 200 timesteps
Non-fatal Warning [dataset.py]: The wav path " wavs/LJ025-0045.wav " is not find in the metadata. Use empty waveform instead. This is normal in the inference process.
Given pitch_sketch: True | Given energy_sketch: True
Given pitch: False | Given energy: False | Given phoneme_duration: True
Use ddim sampler
Data shape for DDIM sampling is (1, 8, 216, 20), eta 1.0
Running DDIM Sampling with 200 timesteps
Non-fatal Warning [dataset.py]: The wav path " wavs/LJ010-0079.wav " is not find in the metadata. Use empty waveform instead. This is normal in the inference process.
Given pitch_sketch: True | Given energy_sketch: True
Given pitch: False | Given energy: False | Given phoneme_duration: True
Use ddim sampler
Data shape for DDIM sampling is (1, 8, 216, 20), eta 1.0
Running DDIM Sampling with 200 timesteps
Non-fatal Warning [dataset.py]: The wav path " wavs/LJ017-0262.wav " is not find in the metadata. Use empty waveform instead. This is normal in the inference process.
Given pitch_sketch: True | Given energy_sketch: True
Given pitch: False | Given energy: False | Given phoneme_duration: True
Use ddim sampler
Data shape for DDIM sampling is (1, 8, 216, 20), eta 1.0
Running DDIM Sampling with 200 timesteps
Non-fatal Warning [dataset.py]: The wav path " wavs/LJ021-0132.wav " is not find in the metadata. Use empty waveform instead. This is normal in the inference process.
Given pitch_sketch: True | Given energy_sketch: True
Given pitch: False | Given energy: False | Given phoneme_duration: True
Use ddim sampler
Data shape for DDIM sampling is (1, 8, 216, 20), eta 1.0
Running DDIM Sampling with 200 timesteps
Non-fatal Warning [dataset.py]: The wav path " wavs/LJ015-0266.wav " is not find in the metadata. Use empty waveform instead. This is normal in the inference process.
Given pitch_sketch: True | Given energy_sketch: True
Given pitch: False | Given energy: False | Given phoneme_duration: True
Use ddim sampler
Data shape for DDIM sampling is (1, 8, 216, 20), eta 1.0
Running DDIM Sampling with 200 timesteps
Non-fatal Warning [dataset.py]: The wav path " wavs/LJ048-0141.wav " is not find in the metadata. Use empty waveform instead. This is normal in the inference process.
Given pitch_sketch: True | Given energy_sketch: True
Given pitch: False | Given energy: False | Given phoneme_duration: True
Use ddim sampler
Data shape for DDIM sampling is (1, 8, 216, 20), eta 1.0
Running DDIM Sampling with 200 timesteps
Non-fatal Warning [dataset.py]: The wav path " wavs/LJ011-0114.wav " is not find in the metadata. Use empty waveform instead. This is normal in the inference process.
Given pitch_sketch: True | Given energy_sketch: True
Given pitch: False | Given energy: False | Given phoneme_duration: True
Use ddim sampler
Data shape for DDIM sampling is (1, 8, 216, 20), eta 1.0
Running DDIM Sampling with 200 timesteps
Non-fatal Warning [dataset.py]: The wav path " wavs/LJ003-0269.wav " is not find in the metadata. Use empty waveform instead. This is normal in the inference process.
Given pitch_sketch: True | Given energy_sketch: True
Given pitch: False | Given energy: False | Given phoneme_duration: True
Use ddim sampler
Data shape for DDIM sampling is (1, 8, 216, 20), eta 1.0
Running DDIM Sampling with 200 timesteps
Non-fatal Warning [dataset.py]: The wav path " wavs/LJ028-0179.wav " is not find in the metadata. Use empty waveform instead. This is normal in the inference process.
Given pitch_sketch: True | Given energy_sketch: True
Given pitch: False | Given energy: False | Given phoneme_duration: True
Use ddim sampler
Data shape for DDIM sampling is (1, 8, 216, 20), eta 1.0
Running DDIM Sampling with 200 timesteps
Non-fatal Warning [dataset.py]: The wav path " wavs/LJ003-0252.wav " is not find in the metadata. Use empty waveform instead. This is normal in the inference process.
Given pitch_sketch: True | Given energy_sketch: True
Given pitch: False | Given energy: False | Given phoneme_duration: True
Use ddim sampler
Data shape for DDIM sampling is (1, 8, 216, 20), eta 1.0
Running DDIM Sampling with 200 timesteps
Non-fatal Warning [dataset.py]: The wav path " wavs/LJ042-0115.wav " is not find in the metadata. Use empty waveform instead. This is normal in the inference process.
Given pitch_sketch: True | Given energy_sketch: True
Given pitch: False | Given energy: False | Given phoneme_duration: True
Use ddim sampler
Data shape for DDIM sampling is (1, 8, 216, 20), eta 1.0
Running DDIM Sampling with 200 timesteps
Non-fatal Warning [dataset.py]: The wav path " wavs/LJ015-0261.wav " is not find in the metadata. Use empty waveform instead. This is normal in the inference process.
Given pitch_sketch: True | Given energy_sketch: True
Given pitch: False | Given energy: False | Given phoneme_duration: True
Use ddim sampler
Data shape for DDIM sampling is (1, 8, 216, 20), eta 1.0
Running DDIM Sampling with 200 timesteps
Non-fatal Warning [dataset.py]: The wav path " wavs/LJ041-0097.wav " is not find in the metadata. Use empty waveform instead. This is normal in the inference process.
Given pitch_sketch: True | Given energy_sketch: True
Given pitch: False | Given energy: False | Given phoneme_duration: True
Use ddim sampler
Data shape for DDIM sampling is (1, 8, 216, 20), eta 1.0
Running DDIM Sampling with 200 timesteps
Non-fatal Warning [dataset.py]: The wav path " wavs/LJ010-0220.wav " is not find in the metadata. Use empty waveform instead. This is normal in the inference process.
Given pitch_sketch: True | Given energy_sketch: True
Given pitch: False | Given energy: False | Given phoneme_duration: True
Use ddim sampler
Data shape for DDIM sampling is (1, 8, 216, 20), eta 1.0
Running DDIM Sampling with 200 timesteps
Non-fatal Warning [dataset.py]: The wav path " wavs/LJ032-0160.wav " is not find in the metadata. Use empty waveform instead. This is normal in the inference process.
Given pitch_sketch: True | Given energy_sketch: True
Given pitch: False | Given energy: False | Given phoneme_duration: True
Use ddim sampler
Data shape for DDIM sampling is (1, 8, 216, 20), eta 1.0
Running DDIM Sampling with 200 timesteps
Non-fatal Warning [dataset.py]: The wav path " wavs/LJ010-0096.wav " is not find in the metadata. Use empty waveform instead. This is normal in the inference process.
Given pitch_sketch: True | Given energy_sketch: True
Given pitch: False | Given energy: False | Given phoneme_duration: True
Use ddim sampler
Data shape for DDIM sampling is (1, 8, 216, 20), eta 1.0
Running DDIM Sampling with 200 timesteps
Non-fatal Warning [dataset.py]: The wav path " wavs/LJ014-0282.wav " is not find in the metadata. Use empty waveform instead. This is normal in the inference process.
Given pitch_sketch: True | Given energy_sketch: True
Given pitch: False | Given energy: False | Given phoneme_duration: True
Use ddim sampler
Data shape for DDIM sampling is (1, 8, 216, 20), eta 1.0
Running DDIM Sampling with 200 timesteps
Non-fatal Warning [dataset.py]: The wav path " wavs/LJ036-0016.wav " is not find in the metadata. Use empty waveform instead. This is normal in the inference process.
Given pitch_sketch: True | Given energy_sketch: True
Given pitch: False | Given energy: False | Given phoneme_duration: True
Use ddim sampler
Data shape for DDIM sampling is (1, 8, 216, 20), eta 1.0
Running DDIM Sampling with 200 timesteps
Non-fatal Warning [dataset.py]: The wav path " wavs/LJ011-0272.wav " is not find in the metadata. Use empty waveform instead. This is normal in the inference process.
Given pitch_sketch: True | Given energy_sketch: True
Given pitch: False | Given energy: False | Given phoneme_duration: True
Use ddim sampler
Data shape for DDIM sampling is (1, 8, 216, 20), eta 1.0
Running DDIM Sampling with 200 timesteps
Non-fatal Warning [dataset.py]: The wav path " wavs/LJ014-0302.wav " is not find in the metadata. Use empty waveform instead. This is normal in the inference process.
Given pitch_sketch: True | Given energy_sketch: True
Given pitch: False | Given energy: False | Given phoneme_duration: True
Use ddim sampler
Data shape for DDIM sampling is (1, 8, 216, 20), eta 1.0
Running DDIM Sampling with 200 timesteps
Non-fatal Warning [dataset.py]: The wav path " wavs/LJ003-0273.wav " is not find in the metadata. Use empty waveform instead. This is normal in the inference process.
Given pitch_sketch: True | Given energy_sketch: True
Given pitch: False | Given energy: False | Given phoneme_duration: True
Use ddim sampler
Data shape for DDIM sampling is (1, 8, 216, 20), eta 1.0
Running DDIM Sampling with 200 timesteps
Non-fatal Warning [dataset.py]: The wav path " wavs/LJ043-0129.wav " is not find in the metadata. Use empty waveform instead. This is normal in the inference process.
Given pitch_sketch: True | Given energy_sketch: True
Given pitch: False | Given energy: False | Given phoneme_duration: True
Use ddim sampler
Data shape for DDIM sampling is (1, 8, 216, 20), eta 1.0
Running DDIM Sampling with 200 timesteps
Non-fatal Warning [dataset.py]: The wav path " wavs/LJ031-0147.wav " is not find in the metadata. Use empty waveform instead. This is normal in the inference process.
Given pitch_sketch: True | Given energy_sketch: True
Given pitch: False | Given energy: False | Given phoneme_duration: True
Use ddim sampler
Data shape for DDIM sampling is (1, 8, 216, 20), eta 1.0
Running DDIM Sampling with 200 timesteps
Non-fatal Warning [dataset.py]: The wav path " wavs/LJ040-0200.wav " is not find in the metadata. Use empty waveform instead. This is normal in the inference process.
Given pitch_sketch: True | Given energy_sketch: True
Given pitch: False | Given energy: False | Given phoneme_duration: True
Use ddim sampler
Data shape for DDIM sampling is (1, 8, 216, 20), eta 1.0
Running DDIM Sampling with 200 timesteps
Non-fatal Warning [dataset.py]: The wav path " wavs/LJ006-0050.wav " is not find in the metadata. Use empty waveform instead. This is normal in the inference process.
Given pitch_sketch: True | Given energy_sketch: True
Given pitch: False | Given energy: False | Given phoneme_duration: True
Use ddim sampler
Data shape for DDIM sampling is (1, 8, 216, 20), eta 1.0
Running DDIM Sampling with 200 timesteps
Non-fatal Warning [dataset.py]: The wav path " wavs/LJ014-0184.wav " is not find in the metadata. Use empty waveform instead. This is normal in the inference process.
Given pitch_sketch: True | Given energy_sketch: True
Given pitch: False | Given energy: False | Given phoneme_duration: True
Use ddim sampler
Data shape for DDIM sampling is (1, 8, 216, 20), eta 1.0
Running DDIM Sampling with 200 timesteps
Non-fatal Warning [dataset.py]: The wav path " wavs/LJ029-0040.wav " is not find in the metadata. Use empty waveform instead. This is normal in the inference process.
Given pitch_sketch: True | Given energy_sketch: True
Given pitch: False | Given energy: False | Given phoneme_duration: True
Use ddim sampler
Data shape for DDIM sampling is (1, 8, 216, 20), eta 1.0
Running DDIM Sampling with 200 timesteps
Non-fatal Warning [dataset.py]: The wav path " wavs/LJ038-0228.wav " is not find in the metadata. Use empty waveform instead. This is normal in the inference process.
Given pitch_sketch: True | Given energy_sketch: True
Given pitch: False | Given energy: False | Given phoneme_duration: True
Use ddim sampler
Data shape for DDIM sampling is (1, 8, 216, 20), eta 1.0
Running DDIM Sampling with 200 timesteps
Non-fatal Warning [dataset.py]: The wav path " wavs/LJ045-0046.wav " is not find in the metadata. Use empty waveform instead. This is normal in the inference process.
Given pitch_sketch: True | Given energy_sketch: True
Given pitch: False | Given energy: False | Given phoneme_duration: True
Use ddim sampler
Data shape for DDIM sampling is (1, 8, 216, 20), eta 1.0
Running DDIM Sampling with 200 timesteps
Non-fatal Warning [dataset.py]: The wav path " wavs/LJ047-0070.wav " is not find in the metadata. Use empty waveform instead. This is normal in the inference process.
Given pitch_sketch: True | Given energy_sketch: True
Given pitch: False | Given energy: False | Given phoneme_duration: True
Use ddim sampler
Data shape for DDIM sampling is (1, 8, 216, 20), eta 1.0
Running DDIM Sampling with 200 timesteps
Non-fatal Warning [dataset.py]: The wav path " wavs/LJ040-0054.wav " is not find in the metadata. Use empty waveform instead. This is normal in the inference process.
Given pitch_sketch: True | Given energy_sketch: True
Given pitch: False | Given energy: False | Given phoneme_duration: True
Use ddim sampler
Data shape for DDIM sampling is (1, 8, 216, 20), eta 1.0
Running DDIM Sampling with 200 timesteps
Non-fatal Warning [dataset.py]: The wav path " wavs/LJ017-0041.wav " is not find in the metadata. Use empty waveform instead. This is normal in the inference process.
Given pitch_sketch: True | Given energy_sketch: True
Given pitch: False | Given energy: False | Given phoneme_duration: True
Use ddim sampler
Data shape for DDIM sampling is (1, 8, 216, 20), eta 1.0
Running DDIM Sampling with 200 timesteps
Non-fatal Warning [dataset.py]: The wav path " wavs/LJ018-0236.wav " is not find in the metadata. Use empty waveform instead. This is normal in the inference process.
Given pitch_sketch: True | Given energy_sketch: True
Given pitch: False | Given energy: False | Given phoneme_duration: True
Use ddim sampler
Data shape for DDIM sampling is (1, 8, 216, 20), eta 1.0
Running DDIM Sampling with 200 timesteps
Non-fatal Warning [dataset.py]: The wav path " wavs/LJ046-0139.wav " is not find in the metadata. Use empty waveform instead. This is normal in the inference process.
Given pitch_sketch: True | Given energy_sketch: True
Given pitch: False | Given energy: False | Given phoneme_duration: True
Use ddim sampler
Data shape for DDIM sampling is (1, 8, 216, 20), eta 1.0
Running DDIM Sampling with 200 timesteps
Non-fatal Warning [dataset.py]: The wav path " wavs/LJ036-0111.wav " is not find in the metadata. Use empty waveform instead. This is normal in the inference process.
Given pitch_sketch: True | Given energy_sketch: True
Given pitch: False | Given energy: False | Given phoneme_duration: True
Use ddim sampler
Data shape for DDIM sampling is (1, 8, 216, 20), eta 1.0
Running DDIM Sampling with 200 timesteps
Non-fatal Warning [dataset.py]: The wav path " wavs/LJ047-0229.wav " is not find in the metadata. Use empty waveform instead. This is normal in the inference process.
Given pitch_sketch: True | Given energy_sketch: True
Given pitch: False | Given energy: False | Given phoneme_duration: True
Use ddim sampler
Data shape for DDIM sampling is (1, 8, 216, 20), eta 1.0
Running DDIM Sampling with 200 timesteps
Non-fatal Warning [dataset.py]: The wav path " wavs/LJ007-0059.wav " is not find in the metadata. Use empty waveform instead. This is normal in the inference process.
Given pitch_sketch: True | Given energy_sketch: True
Given pitch: False | Given energy: False | Given phoneme_duration: True
Use ddim sampler
Data shape for DDIM sampling is (1, 8, 216, 20), eta 1.0
Running DDIM Sampling with 200 timesteps
Non-fatal Warning [dataset.py]: The wav path " wavs/LJ035-0045.wav " is not find in the metadata. Use empty waveform instead. This is normal in the inference process.
Given pitch_sketch: True | Given energy_sketch: True
Given pitch: False | Given energy: False | Given phoneme_duration: True
Use ddim sampler
Data shape for DDIM sampling is (1, 8, 216, 20), eta 1.0
Running DDIM Sampling with 200 timesteps
Non-fatal Warning [dataset.py]: The wav path " wavs/LJ021-0158.wav " is not find in the metadata. Use empty waveform instead. This is normal in the inference process.
Given pitch_sketch: True | Given energy_sketch: True
Given pitch: False | Given energy: False | Given phoneme_duration: True
Use ddim sampler
Data shape for DDIM sampling is (1, 8, 216, 20), eta 1.0
Running DDIM Sampling with 200 timesteps
Non-fatal Warning [dataset.py]: The wav path " wavs/LJ034-0003.wav " is not find in the metadata. Use empty waveform instead. This is normal in the inference process.
Given pitch_sketch: True | Given energy_sketch: True
Given pitch: False | Given energy: False | Given phoneme_duration: True
Use ddim sampler
Data shape for DDIM sampling is (1, 8, 216, 20), eta 1.0
Running DDIM Sampling with 200 timesteps
Non-fatal Warning [dataset.py]: The wav path " wavs/LJ030-0168.wav " is not find in the metadata. Use empty waveform instead. This is normal in the inference process.
Given pitch_sketch: True | Given energy_sketch: True
Given pitch: False | Given energy: False | Given phoneme_duration: True
Use ddim sampler
Data shape for DDIM sampling is (1, 8, 216, 20), eta 1.0
Running DDIM Sampling with 200 timesteps
Non-fatal Warning [dataset.py]: The wav path " wavs/LJ002-0012.wav " is not find in the metadata. Use empty waveform instead. This is normal in the inference process.
Given pitch_sketch: True | Given energy_sketch: True
Given pitch: False | Given energy: False | Given phoneme_duration: True
Use ddim sampler
Data shape for DDIM sampling is (1, 8, 216, 20), eta 1.0
Running DDIM Sampling with 200 timesteps
Non-fatal Warning [dataset.py]: The wav path " wavs/LJ031-0184.wav " is not find in the metadata. Use empty waveform instead. This is normal in the inference process.
Given pitch_sketch: True | Given energy_sketch: True
Given pitch: False | Given energy: False | Given phoneme_duration: True
Use ddim sampler
Data shape for DDIM sampling is (1, 8, 216, 20), eta 1.0
Running DDIM Sampling with 200 timesteps
Non-fatal Warning [dataset.py]: The wav path " wavs/LJ012-0169.wav " is not find in the metadata. Use empty waveform instead. This is normal in the inference process.
Given pitch_sketch: True | Given energy_sketch: True
Given pitch: False | Given energy: False | Given phoneme_duration: True
Use ddim sampler
Data shape for DDIM sampling is (1, 8, 216, 20), eta 1.0
Running DDIM Sampling with 200 timesteps
Non-fatal Warning [dataset.py]: The wav path " wavs/LJ019-0137.wav " is not find in the metadata. Use empty waveform instead. This is normal in the inference process.
Given pitch_sketch: True | Given energy_sketch: True
Given pitch: False | Given energy: False | Given phoneme_duration: True
Use ddim sampler
Data shape for DDIM sampling is (1, 8, 216, 20), eta 1.0
Running DDIM Sampling with 200 timesteps
Non-fatal Warning [dataset.py]: The wav path " wavs/LJ041-0028.wav " is not find in the metadata. Use empty waveform instead. This is normal in the inference process.
Given pitch_sketch: True | Given energy_sketch: True
Given pitch: False | Given energy: False | Given phoneme_duration: True
Use ddim sampler
Data shape for DDIM sampling is (1, 8, 216, 20), eta 1.0
Running DDIM Sampling with 200 timesteps
Non-fatal Warning [dataset.py]: The wav path " wavs/LJ038-0088.wav " is not find in the metadata. Use empty waveform instead. This is normal in the inference process.
Given pitch_sketch: True | Given energy_sketch: True
Given pitch: False | Given energy: False | Given phoneme_duration: True
Use ddim sampler
Data shape for DDIM sampling is (1, 8, 216, 20), eta 1.0
Running DDIM Sampling with 200 timesteps
Non-fatal Warning [dataset.py]: The wav path " wavs/LJ048-0076.wav " is not find in the metadata. Use empty waveform instead. This is normal in the inference process.
Given pitch_sketch: True | Given energy_sketch: True
Given pitch: False | Given energy: False | Given phoneme_duration: True
Use ddim sampler
Data shape for DDIM sampling is (1, 8, 216, 20), eta 1.0
Running DDIM Sampling with 200 timesteps
Non-fatal Warning [dataset.py]: The wav path " wavs/LJ030-0218.wav " is not find in the metadata. Use empty waveform instead. This is normal in the inference process.
Given pitch_sketch: True | Given energy_sketch: True
Given pitch: False | Given energy: False | Given phoneme_duration: True
Use ddim sampler
Data shape for DDIM sampling is (1, 8, 216, 20), eta 1.0
Running DDIM Sampling with 200 timesteps
Non-fatal Warning [dataset.py]: The wav path " wavs/LJ034-0067.wav " is not find in the metadata. Use empty waveform instead. This is normal in the inference process.
Given pitch_sketch: True | Given energy_sketch: True
Given pitch: False | Given energy: False | Given phoneme_duration: True
Use ddim sampler
Data shape for DDIM sampling is (1, 8, 216, 20), eta 1.0
Running DDIM Sampling with 200 timesteps
Non-fatal Warning [dataset.py]: The wav path " wavs/LJ042-0002.wav " is not find in the metadata. Use empty waveform instead. This is normal in the inference process.
Given pitch_sketch: True | Given energy_sketch: True
Given pitch: False | Given energy: False | Given phoneme_duration: True
Use ddim sampler
Data shape for DDIM sampling is (1, 8, 216, 20), eta 1.0
Running DDIM Sampling with 200 timesteps
Non-fatal Warning [dataset.py]: The wav path " wavs/LJ028-0084.wav " is not find in the metadata. Use empty waveform instead. This is normal in the inference process.
Given pitch_sketch: True | Given energy_sketch: True
Given pitch: False | Given energy: False | Given phoneme_duration: True
Use ddim sampler
Data shape for DDIM sampling is (1, 8, 216, 20), eta 1.0
Running DDIM Sampling with 200 timesteps
Non-fatal Warning [dataset.py]: The wav path " wavs/LJ016-0103.wav " is not find in the metadata. Use empty waveform instead. This is normal in the inference process.
Given pitch_sketch: True | Given energy_sketch: True
Given pitch: False | Given energy: False | Given phoneme_duration: True
Use ddim sampler
Data shape for DDIM sampling is (1, 8, 216, 20), eta 1.0
Running DDIM Sampling with 200 timesteps
Non-fatal Warning [dataset.py]: The wav path " wavs/LJ030-0243.wav " is not find in the metadata. Use empty waveform instead. This is normal in the inference process.
Given pitch_sketch: True | Given energy_sketch: True
Given pitch: False | Given energy: False | Given phoneme_duration: True
Use ddim sampler
Data shape for DDIM sampling is (1, 8, 216, 20), eta 1.0
Running DDIM Sampling with 200 timesteps
Non-fatal Warning [dataset.py]: The wav path " wavs/LJ047-0035.wav " is not find in the metadata. Use empty waveform instead. This is normal in the inference process.
Given pitch_sketch: True | Given energy_sketch: True
Given pitch: False | Given energy: False | Given phoneme_duration: True
Use ddim sampler
Data shape for DDIM sampling is (1, 8, 216, 20), eta 1.0
Running DDIM Sampling with 200 timesteps
Non-fatal Warning [dataset.py]: The wav path " wavs/LJ009-0181.wav " is not find in the metadata. Use empty waveform instead. This is normal in the inference process.
Given pitch_sketch: True | Given energy_sketch: True
Given pitch: False | Given energy: False | Given phoneme_duration: True
Use ddim sampler
Data shape for DDIM sampling is (1, 8, 216, 20), eta 1.0
Running DDIM Sampling with 200 timesteps
Non-fatal Warning [dataset.py]: The wav path " wavs/LJ030-0106.wav " is not find in the metadata. Use empty waveform instead. This is normal in the inference process.
Given pitch_sketch: True | Given energy_sketch: True
Given pitch: False | Given energy: False | Given phoneme_duration: True
Use ddim sampler
Data shape for DDIM sampling is (1, 8, 216, 20), eta 1.0
Running DDIM Sampling with 200 timesteps
Non-fatal Warning [dataset.py]: The wav path " wavs/LJ013-0119.wav " is not find in the metadata. Use empty waveform instead. This is normal in the inference process.
Given pitch_sketch: True | Given energy_sketch: True
Given pitch: False | Given energy: False | Given phoneme_duration: True
Use ddim sampler
Data shape for DDIM sampling is (1, 8, 216, 20), eta 1.0
Running DDIM Sampling with 200 timesteps
Non-fatal Warning [dataset.py]: The wav path " wavs/LJ014-0260.wav " is not find in the metadata. Use empty waveform instead. This is normal in the inference process.
Given pitch_sketch: True | Given energy_sketch: True
Given pitch: False | Given energy: False | Given phoneme_duration: True
Use ddim sampler
Data shape for DDIM sampling is (1, 8, 216, 20), eta 1.0
Running DDIM Sampling with 200 timesteps
Non-fatal Warning [dataset.py]: The wav path " wavs/LJ006-0101.wav " is not find in the metadata. Use empty waveform instead. This is normal in the inference process.
Given pitch_sketch: True | Given energy_sketch: True
Given pitch: False | Given energy: False | Given phoneme_duration: True
Use ddim sampler
Data shape for DDIM sampling is (1, 8, 216, 20), eta 1.0
Running DDIM Sampling with 200 timesteps
Non-fatal Warning [dataset.py]: The wav path " wavs/LJ027-0077.wav " is not find in the metadata. Use empty waveform instead. This is normal in the inference process.
Given pitch_sketch: True | Given energy_sketch: True
Given pitch: False | Given energy: False | Given phoneme_duration: True
Use ddim sampler
Data shape for DDIM sampling is (1, 8, 216, 20), eta 1.0
Running DDIM Sampling with 200 timesteps
Non-fatal Warning [dataset.py]: The wav path " wavs/LJ005-0232.wav " is not find in the metadata. Use empty waveform instead. This is normal in the inference process.
Given pitch_sketch: True | Given energy_sketch: True
Given pitch: False | Given energy: False | Given phoneme_duration: True
Use ddim sampler
Data shape for DDIM sampling is (1, 8, 216, 20), eta 1.0
Running DDIM Sampling with 200 timesteps
Non-fatal Warning [dataset.py]: The wav path " wavs/LJ037-0205.wav " is not find in the metadata. Use empty waveform instead. This is normal in the inference process.
Given pitch_sketch: True | Given energy_sketch: True
Given pitch: False | Given energy: False | Given phoneme_duration: True
Use ddim sampler
Data shape for DDIM sampling is (1, 8, 216, 20), eta 1.0
Running DDIM Sampling with 200 timesteps
Non-fatal Warning [dataset.py]: The wav path " wavs/LJ018-0079.wav " is not find in the metadata. Use empty waveform instead. This is normal in the inference process.
Given pitch_sketch: True | Given energy_sketch: True
Given pitch: False | Given energy: False | Given phoneme_duration: True
Use ddim sampler
Data shape for DDIM sampling is (1, 8, 216, 20), eta 1.0
Running DDIM Sampling with 200 timesteps
Non-fatal Warning [dataset.py]: The wav path " wavs/LJ023-0075.wav " is not find in the metadata. Use empty waveform instead. This is normal in the inference process.
Given pitch_sketch: True | Given energy_sketch: True
Given pitch: False | Given energy: False | Given phoneme_duration: True
Use ddim sampler
Data shape for DDIM sampling is (1, 8, 216, 20), eta 1.0
Running DDIM Sampling with 200 timesteps
Non-fatal Warning [dataset.py]: The wav path " wavs/LJ039-0072.wav " is not find in the metadata. Use empty waveform instead. This is normal in the inference process.
Given pitch_sketch: True | Given energy_sketch: True
Given pitch: False | Given energy: False | Given phoneme_duration: True
Use ddim sampler
Data shape for DDIM sampling is (1, 8, 216, 20), eta 1.0
Running DDIM Sampling with 200 timesteps
Non-fatal Warning [dataset.py]: The wav path " wavs/LJ040-0154.wav " is not find in the metadata. Use empty waveform instead. This is normal in the inference process.
Given pitch_sketch: True | Given energy_sketch: True
Given pitch: False | Given energy: False | Given phoneme_duration: True
Use ddim sampler
Data shape for DDIM sampling is (1, 8, 216, 20), eta 1.0
Running DDIM Sampling with 200 timesteps
Non-fatal Warning [dataset.py]: The wav path " wavs/LJ038-0137.wav " is not find in the metadata. Use empty waveform instead. This is normal in the inference process.
Given pitch_sketch: True | Given energy_sketch: True
Given pitch: False | Given energy: False | Given phoneme_duration: True
Use ddim sampler
Data shape for DDIM sampling is (1, 8, 216, 20), eta 1.0
Running DDIM Sampling with 200 timesteps
Non-fatal Warning [dataset.py]: The wav path " wavs/LJ038-0004.wav " is not find in the metadata. Use empty waveform instead. This is normal in the inference process.
Given pitch_sketch: True | Given energy_sketch: True
Given pitch: False | Given energy: False | Given phoneme_duration: True
Use ddim sampler
Data shape for DDIM sampling is (1, 8, 216, 20), eta 1.0
Running DDIM Sampling with 200 timesteps
Non-fatal Warning [dataset.py]: The wav path " wavs/LJ012-0158.wav " is not find in the metadata. Use empty waveform instead. This is normal in the inference process.
Given pitch_sketch: True | Given energy_sketch: True
Given pitch: False | Given energy: False | Given phoneme_duration: True
Use ddim sampler
Data shape for DDIM sampling is (1, 8, 216, 20), eta 1.0
Running DDIM Sampling with 200 timesteps
Non-fatal Warning [dataset.py]: The wav path " wavs/LJ046-0104.wav " is not find in the metadata. Use empty waveform instead. This is normal in the inference process.
Given pitch_sketch: True | Given energy_sketch: True
Given pitch: False | Given energy: False | Given phoneme_duration: True
Use ddim sampler
Data shape for DDIM sampling is (1, 8, 216, 20), eta 1.0
Running DDIM Sampling with 200 timesteps
Non-fatal Warning [dataset.py]: The wav path " wavs/LJ017-0155.wav " is not find in the metadata. Use empty waveform instead. This is normal in the inference process.
Given pitch_sketch: True | Given energy_sketch: True
Given pitch: False | Given energy: False | Given phoneme_duration: True
Use ddim sampler
Data shape for DDIM sampling is (1, 8, 216, 20), eta 1.0
Running DDIM Sampling with 200 timesteps
Non-fatal Warning [dataset.py]: The wav path " wavs/LJ022-0164.wav " is not find in the metadata. Use empty waveform instead. This is normal in the inference process.
Given pitch_sketch: True | Given energy_sketch: True
Given pitch: False | Given energy: False | Given phoneme_duration: True
Use ddim sampler
Data shape for DDIM sampling is (1, 8, 216, 20), eta 1.0
Running DDIM Sampling with 200 timesteps
Non-fatal Warning [dataset.py]: The wav path " wavs/LJ014-0183.wav " is not find in the metadata. Use empty waveform instead. This is normal in the inference process.
Given pitch_sketch: True | Given energy_sketch: True
Given pitch: False | Given energy: False | Given phoneme_duration: True
Use ddim sampler
Data shape for DDIM sampling is (1, 8, 216, 20), eta 1.0
Running DDIM Sampling with 200 timesteps
Non-fatal Warning [dataset.py]: The wav path " wavs/LJ015-0107.wav " is not find in the metadata. Use empty waveform instead. This is normal in the inference process.
Given pitch_sketch: True | Given energy_sketch: True
Given pitch: False | Given energy: False | Given phoneme_duration: True
Use ddim sampler
Data shape for DDIM sampling is (1, 8, 216, 20), eta 1.0
Running DDIM Sampling with 200 timesteps
Non-fatal Warning [dataset.py]: The wav path " wavs/LJ046-0184.wav " is not find in the metadata. Use empty waveform instead. This is normal in the inference process.
Given pitch_sketch: True | Given energy_sketch: True
Given pitch: False | Given energy: False | Given phoneme_duration: True
Use ddim sampler
Data shape for DDIM sampling is (1, 8, 216, 20), eta 1.0
Running DDIM Sampling with 200 timesteps
Non-fatal Warning [dataset.py]: The wav path " wavs/LJ011-0134.wav " is not find in the metadata. Use empty waveform instead. This is normal in the inference process.
Given pitch_sketch: True | Given energy_sketch: True
Given pitch: False | Given energy: False | Given phoneme_duration: True
Use ddim sampler
Data shape for DDIM sampling is (1, 8, 216, 20), eta 1.0
Running DDIM Sampling with 200 timesteps
Non-fatal Warning [dataset.py]: The wav path " wavs/LJ033-0059.wav " is not find in the metadata. Use empty waveform instead. This is normal in the inference process.
Given pitch_sketch: True | Given energy_sketch: True
Given pitch: False | Given energy: False | Given phoneme_duration: True
Use ddim sampler
Data shape for DDIM sampling is (1, 8, 216, 20), eta 1.0
Running DDIM Sampling with 200 timesteps
Non-fatal Warning [dataset.py]: The wav path " wavs/LJ017-0210.wav " is not find in the metadata. Use empty waveform instead. This is normal in the inference process.
Given pitch_sketch: True | Given energy_sketch: True
Given pitch: False | Given energy: False | Given phoneme_duration: True
Use ddim sampler
Data shape for DDIM sampling is (1, 8, 216, 20), eta 1.0
Running DDIM Sampling with 200 timesteps
Non-fatal Warning [dataset.py]: The wav path " wavs/LJ043-0148.wav " is not find in the metadata. Use empty waveform instead. This is normal in the inference process.
Given pitch_sketch: True | Given energy_sketch: True
Given pitch: False | Given energy: False | Given phoneme_duration: True
Use ddim sampler
Data shape for DDIM sampling is (1, 8, 216, 20), eta 1.0
Running DDIM Sampling with 200 timesteps
Non-fatal Warning [dataset.py]: The wav path " wavs/LJ009-0294.wav " is not find in the metadata. Use empty waveform instead. This is normal in the inference process.
Given pitch_sketch: True | Given energy_sketch: True
Given pitch: False | Given energy: False | Given phoneme_duration: True
Use ddim sampler
Data shape for DDIM sampling is (1, 8, 216, 20), eta 1.0
Running DDIM Sampling with 200 timesteps
Non-fatal Warning [dataset.py]: The wav path " wavs/LJ049-0112.wav " is not find in the metadata. Use empty waveform instead. This is normal in the inference process.
Given pitch_sketch: True | Given energy_sketch: True
Given pitch: False | Given energy: False | Given phoneme_duration: True
Use ddim sampler
Data shape for DDIM sampling is (1, 8, 216, 20), eta 1.0
Running DDIM Sampling with 200 timesteps
Non-fatal Warning [dataset.py]: The wav path " wavs/LJ035-0177.wav " is not find in the metadata. Use empty waveform instead. This is normal in the inference process.
Given pitch_sketch: True | Given energy_sketch: True
Given pitch: False | Given energy: False | Given phoneme_duration: True
Use ddim sampler
Data shape for DDIM sampling is (1, 8, 216, 20), eta 1.0
Running DDIM Sampling with 200 timesteps
Non-fatal Warning [dataset.py]: The wav path " wavs/LJ019-0350.wav " is not find in the metadata. Use empty waveform instead. This is normal in the inference process.
Given pitch_sketch: True | Given energy_sketch: True
Given pitch: False | Given energy: False | Given phoneme_duration: True
Use ddim sampler
Data shape for DDIM sampling is (1, 8, 216, 20), eta 1.0
Running DDIM Sampling with 200 timesteps
Non-fatal Warning [dataset.py]: The wav path " wavs/LJ047-0178.wav " is not find in the metadata. Use empty waveform instead. This is normal in the inference process.
Given pitch_sketch: True | Given energy_sketch: True
Given pitch: False | Given energy: False | Given phoneme_duration: True
Use ddim sampler
Data shape for DDIM sampling is (1, 8, 216, 20), eta 1.0
Running DDIM Sampling with 200 timesteps
Non-fatal Warning [dataset.py]: The wav path " wavs/LJ024-0024.wav " is not find in the metadata. Use empty waveform instead. This is normal in the inference process.
Given pitch_sketch: True | Given energy_sketch: True
Given pitch: False | Given energy: False | Given phoneme_duration: True
Use ddim sampler
Data shape for DDIM sampling is (1, 8, 216, 20), eta 1.0
Running DDIM Sampling with 200 timesteps
Non-fatal Warning [dataset.py]: The wav path " wavs/LJ031-0024.wav " is not find in the metadata. Use empty waveform instead. This is normal in the inference process.
Given pitch_sketch: True | Given energy_sketch: True
Given pitch: False | Given energy: False | Given phoneme_duration: True
Use ddim sampler
Data shape for DDIM sampling is (1, 8, 216, 20), eta 1.0
Running DDIM Sampling with 200 timesteps
Non-fatal Warning [dataset.py]: The wav path " wavs/LJ047-0103.wav " is not find in the metadata. Use empty waveform instead. This is normal in the inference process.
Given pitch_sketch: True | Given energy_sketch: True
Given pitch: False | Given energy: False | Given phoneme_duration: True
Use ddim sampler
Data shape for DDIM sampling is (1, 8, 216, 20), eta 1.0
Running DDIM Sampling with 200 timesteps
Non-fatal Warning [dataset.py]: The wav path " wavs/LJ001-0087.wav " is not find in the metadata. Use empty waveform instead. This is normal in the inference process.
Given pitch_sketch: True | Given energy_sketch: True
Given pitch: False | Given energy: False | Given phoneme_duration: True
Use ddim sampler
Data shape for DDIM sampling is (1, 8, 216, 20), eta 1.0
Running DDIM Sampling with 200 timesteps
Non-fatal Warning [dataset.py]: The wav path " wavs/LJ024-0001.wav " is not find in the metadata. Use empty waveform instead. This is normal in the inference process.
Given pitch_sketch: True | Given energy_sketch: True
Given pitch: False | Given energy: False | Given phoneme_duration: True
Use ddim sampler
Data shape for DDIM sampling is (1, 8, 216, 20), eta 1.0
Running DDIM Sampling with 200 timesteps
Non-fatal Warning [dataset.py]: The wav path " wavs/LJ030-0031.wav " is not find in the metadata. Use empty waveform instead. This is normal in the inference process.
Given pitch_sketch: True | Given energy_sketch: True
Given pitch: False | Given energy: False | Given phoneme_duration: True
Use ddim sampler
Data shape for DDIM sampling is (1, 8, 216, 20), eta 1.0
Running DDIM Sampling with 200 timesteps
Non-fatal Warning [dataset.py]: The wav path " wavs/LJ038-0122.wav " is not find in the metadata. Use empty waveform instead. This is normal in the inference process.
Given pitch_sketch: True | Given energy_sketch: True
Given pitch: False | Given energy: False | Given phoneme_duration: True
Use ddim sampler
Data shape for DDIM sampling is (1, 8, 216, 20), eta 1.0
Running DDIM Sampling with 200 timesteps
Non-fatal Warning [dataset.py]: The wav path " wavs/LJ029-0085.wav " is not find in the metadata. Use empty waveform instead. This is normal in the inference process.
Given pitch_sketch: True | Given energy_sketch: True
Given pitch: False | Given energy: False | Given phoneme_duration: True
Use ddim sampler
Data shape for DDIM sampling is (1, 8, 216, 20), eta 1.0
Running DDIM Sampling with 200 timesteps
Non-fatal Warning [dataset.py]: The wav path " wavs/LJ008-0314.wav " is not find in the metadata. Use empty waveform instead. This is normal in the inference process.
Given pitch_sketch: True | Given energy_sketch: True
Given pitch: False | Given energy: False | Given phoneme_duration: True
Use ddim sampler
Data shape for DDIM sampling is (1, 8, 216, 20), eta 1.0
Running DDIM Sampling with 200 timesteps
Non-fatal Warning [dataset.py]: The wav path " wavs/LJ019-0089.wav " is not find in the metadata. Use empty waveform instead. This is normal in the inference process.
Given pitch_sketch: True | Given energy_sketch: True
Given pitch: False | Given energy: False | Given phoneme_duration: True
Use ddim sampler
Data shape for DDIM sampling is (1, 8, 216, 20), eta 1.0
Running DDIM Sampling with 200 timesteps
Non-fatal Warning [dataset.py]: The wav path " wavs/LJ006-0264.wav " is not find in the metadata. Use empty waveform instead. This is normal in the inference process.
Given pitch_sketch: True | Given energy_sketch: True
Given pitch: False | Given energy: False | Given phoneme_duration: True
Use ddim sampler
Data shape for DDIM sampling is (1, 8, 216, 20), eta 1.0
Running DDIM Sampling with 200 timesteps
Non-fatal Warning [dataset.py]: The wav path " wavs/LJ039-0030.wav " is not find in the metadata. Use empty waveform instead. This is normal in the inference process.
Given pitch_sketch: True | Given energy_sketch: True
Given pitch: False | Given energy: False | Given phoneme_duration: True
Use ddim sampler
Data shape for DDIM sampling is (1, 8, 216, 20), eta 1.0
Running DDIM Sampling with 200 timesteps
Non-fatal Warning [dataset.py]: The wav path " wavs/LJ018-0396.wav " is not find in the metadata. Use empty waveform instead. This is normal in the inference process.
Given pitch_sketch: True | Given energy_sketch: True
Given pitch: False | Given energy: False | Given phoneme_duration: True
Use ddim sampler
Data shape for DDIM sampling is (1, 8, 216, 20), eta 1.0
Running DDIM Sampling with 200 timesteps
Non-fatal Warning [dataset.py]: The wav path " wavs/LJ003-0173.wav " is not find in the metadata. Use empty waveform instead. This is normal in the inference process.
Given pitch_sketch: True | Given energy_sketch: True
Given pitch: False | Given energy: False | Given phoneme_duration: True
Use ddim sampler
Data shape for DDIM sampling is (1, 8, 216, 20), eta 1.0
Running DDIM Sampling with 200 timesteps
Non-fatal Warning [dataset.py]: The wav path " wavs/LJ022-0156.wav " is not find in the metadata. Use empty waveform instead. This is normal in the inference process.
Given pitch_sketch: True | Given energy_sketch: True
Given pitch: False | Given energy: False | Given phoneme_duration: True
Use ddim sampler
Data shape for DDIM sampling is (1, 8, 216, 20), eta 1.0
Running DDIM Sampling with 200 timesteps
Non-fatal Warning [dataset.py]: The wav path " wavs/LJ028-0301.wav " is not find in the metadata. Use empty waveform instead. This is normal in the inference process.
Given pitch_sketch: True | Given energy_sketch: True
Given pitch: False | Given energy: False | Given phoneme_duration: True
Use ddim sampler
Data shape for DDIM sampling is (1, 8, 216, 20), eta 1.0
Running DDIM Sampling with 200 timesteps
Non-fatal Warning [dataset.py]: The wav path " wavs/LJ002-0035.wav " is not find in the metadata. Use empty waveform instead. This is normal in the inference process.
Given pitch_sketch: True | Given energy_sketch: True
Given pitch: False | Given energy: False | Given phoneme_duration: True
Use ddim sampler
Data shape for DDIM sampling is (1, 8, 216, 20), eta 1.0
Running DDIM Sampling with 200 timesteps
Non-fatal Warning [dataset.py]: The wav path " wavs/LJ048-0127.wav " is not find in the metadata. Use empty waveform instead. This is normal in the inference process.
Given pitch_sketch: True | Given energy_sketch: True
Given pitch: False | Given energy: False | Given phoneme_duration: True
Use ddim sampler
Data shape for DDIM sampling is (1, 8, 216, 20), eta 1.0
Running DDIM Sampling with 200 timesteps
Non-fatal Warning [dataset.py]: The wav path " wavs/LJ009-0016.wav " is not find in the metadata. Use empty waveform instead. This is normal in the inference process.
Given pitch_sketch: True | Given energy_sketch: True
Given pitch: False | Given energy: False | Given phoneme_duration: True
Use ddim sampler
Data shape for DDIM sampling is (1, 8, 216, 20), eta 1.0
Running DDIM Sampling with 200 timesteps
Non-fatal Warning [dataset.py]: The wav path " wavs/LJ014-0169.wav " is not find in the metadata. Use empty waveform instead. This is normal in the inference process.
Given pitch_sketch: True | Given energy_sketch: True
Given pitch: False | Given energy: False | Given phoneme_duration: True
Use ddim sampler
Data shape for DDIM sampling is (1, 8, 216, 20), eta 1.0
Running DDIM Sampling with 200 timesteps
Non-fatal Warning [dataset.py]: The wav path " wavs/LJ046-0003.wav " is not find in the metadata. Use empty waveform instead. This is normal in the inference process.
Given pitch_sketch: True | Given energy_sketch: True
Given pitch: False | Given energy: False | Given phoneme_duration: True
Use ddim sampler
Data shape for DDIM sampling is (1, 8, 216, 20), eta 1.0
Running DDIM Sampling with 200 timesteps
Non-fatal Warning [dataset.py]: The wav path " wavs/LJ024-0075.wav " is not find in the metadata. Use empty waveform instead. This is normal in the inference process.
Given pitch_sketch: True | Given energy_sketch: True
Given pitch: False | Given energy: False | Given phoneme_duration: True
Use ddim sampler
Data shape for DDIM sampling is (1, 8, 216, 20), eta 1.0
Running DDIM Sampling with 200 timesteps
Non-fatal Warning [dataset.py]: The wav path " wavs/LJ043-0040.wav " is not find in the metadata. Use empty waveform instead. This is normal in the inference process.
Given pitch_sketch: True | Given energy_sketch: True
Given pitch: False | Given energy: False | Given phoneme_duration: True
Use ddim sampler
Data shape for DDIM sampling is (1, 8, 216, 20), eta 1.0
Running DDIM Sampling with 200 timesteps
Non-fatal Warning [dataset.py]: The wav path " wavs/LJ039-0245.wav " is not find in the metadata. Use empty waveform instead. This is normal in the inference process.
Given pitch_sketch: True | Given energy_sketch: True
Given pitch: False | Given energy: False | Given phoneme_duration: True
Use ddim sampler
Data shape for DDIM sampling is (1, 8, 216, 20), eta 1.0
Running DDIM Sampling with 200 timesteps
Non-fatal Warning [dataset.py]: The wav path " wavs/LJ021-0205.wav " is not find in the metadata. Use empty waveform instead. This is normal in the inference process.
Given pitch_sketch: True | Given energy_sketch: True
Given pitch: False | Given energy: False | Given phoneme_duration: True
Use ddim sampler
Data shape for DDIM sampling is (1, 8, 216, 20), eta 1.0
Running DDIM Sampling with 200 timesteps
Non-fatal Warning [dataset.py]: The wav path " wavs/LJ035-0205.wav " is not find in the metadata. Use empty waveform instead. This is normal in the inference process.
Given pitch_sketch: True | Given energy_sketch: True
Given pitch: False | Given energy: False | Given phoneme_duration: True
Use ddim sampler
Data shape for DDIM sampling is (1, 8, 216, 20), eta 1.0
Running DDIM Sampling with 200 timesteps
Non-fatal Warning [dataset.py]: The wav path " wavs/LJ037-0235.wav " is not find in the metadata. Use empty waveform instead. This is normal in the inference process.
Given pitch_sketch: True | Given energy_sketch: True
Given pitch: False | Given energy: False | Given phoneme_duration: True
Use ddim sampler
Data shape for DDIM sampling is (1, 8, 216, 20), eta 1.0
Running DDIM Sampling with 200 timesteps
Non-fatal Warning [dataset.py]: The wav path " wavs/LJ009-0079.wav " is not find in the metadata. Use empty waveform instead. This is normal in the inference process.
Given pitch_sketch: True | Given energy_sketch: True
Given pitch: False | Given energy: False | Given phoneme_duration: True
Use ddim sampler
Data shape for DDIM sampling is (1, 8, 216, 20), eta 1.0
Running DDIM Sampling with 200 timesteps
Non-fatal Warning [dataset.py]: The wav path " wavs/LJ029-0047.wav " is not find in the metadata. Use empty waveform instead. This is normal in the inference process.
Given pitch_sketch: True | Given energy_sketch: True
Given pitch: False | Given energy: False | Given phoneme_duration: True
Use ddim sampler
Data shape for DDIM sampling is (1, 8, 216, 20), eta 1.0
Running DDIM Sampling with 200 timesteps
Non-fatal Warning [dataset.py]: The wav path " wavs/LJ041-0068.wav " is not find in the metadata. Use empty waveform instead. This is normal in the inference process.
Given pitch_sketch: True | Given energy_sketch: True
Given pitch: False | Given energy: False | Given phoneme_duration: True
Use ddim sampler
Data shape for DDIM sampling is (1, 8, 216, 20), eta 1.0
Running DDIM Sampling with 200 timesteps
Non-fatal Warning [dataset.py]: The wav path " wavs/LJ009-0082.wav " is not find in the metadata. Use empty waveform instead. This is normal in the inference process.
Given pitch_sketch: True | Given energy_sketch: True
Given pitch: False | Given energy: False | Given phoneme_duration: True
Use ddim sampler
Data shape for DDIM sampling is (1, 8, 216, 20), eta 1.0
Running DDIM Sampling with 200 timesteps
Non-fatal Warning [dataset.py]: The wav path " wavs/LJ038-0188.wav " is not find in the metadata. Use empty waveform instead. This is normal in the inference process.
Given pitch_sketch: True | Given energy_sketch: True
Given pitch: False | Given energy: False | Given phoneme_duration: True
Use ddim sampler
Data shape for DDIM sampling is (1, 8, 216, 20), eta 1.0
Running DDIM Sampling with 200 timesteps
Non-fatal Warning [dataset.py]: The wav path " wavs/LJ003-0050.wav " is not find in the metadata. Use empty waveform instead. This is normal in the inference process.
Given pitch_sketch: True | Given energy_sketch: True
Given pitch: False | Given energy: False | Given phoneme_duration: True
Use ddim sampler
Data shape for DDIM sampling is (1, 8, 216, 20), eta 1.0
Running DDIM Sampling with 200 timesteps
Non-fatal Warning [dataset.py]: The wav path " wavs/LJ003-0185.wav " is not find in the metadata. Use empty waveform instead. This is normal in the inference process.
Given pitch_sketch: True | Given energy_sketch: True
Given pitch: False | Given energy: False | Given phoneme_duration: True
Use ddim sampler
Data shape for DDIM sampling is (1, 8, 216, 20), eta 1.0
Running DDIM Sampling with 200 timesteps
Non-fatal Warning [dataset.py]: The wav path " wavs/LJ012-0121.wav " is not find in the metadata. Use empty waveform instead. This is normal in the inference process.
Given pitch_sketch: True | Given energy_sketch: True
Given pitch: False | Given energy: False | Given phoneme_duration: True
Use ddim sampler
Data shape for DDIM sampling is (1, 8, 216, 20), eta 1.0
Running DDIM Sampling with 200 timesteps
Non-fatal Warning [dataset.py]: The wav path " wavs/LJ046-0022.wav " is not find in the metadata. Use empty waveform instead. This is normal in the inference process.
Given pitch_sketch: True | Given energy_sketch: True
Given pitch: False | Given energy: False | Given phoneme_duration: True
Use ddim sampler
Data shape for DDIM sampling is (1, 8, 216, 20), eta 1.0
Running DDIM Sampling with 200 timesteps
Non-fatal Warning [dataset.py]: The wav path " wavs/LJ028-0111.wav " is not find in the metadata. Use empty waveform instead. This is normal in the inference process.
Given pitch_sketch: True | Given energy_sketch: True
Given pitch: False | Given energy: False | Given phoneme_duration: True
Use ddim sampler
Data shape for DDIM sampling is (1, 8, 216, 20), eta 1.0
Running DDIM Sampling with 200 timesteps
Non-fatal Warning [dataset.py]: The wav path " wavs/LJ003-0260.wav " is not find in the metadata. Use empty waveform instead. This is normal in the inference process.
Given pitch_sketch: True | Given energy_sketch: True
Given pitch: False | Given energy: False | Given phoneme_duration: True
Use ddim sampler
Data shape for DDIM sampling is (1, 8, 216, 20), eta 1.0
Running DDIM Sampling with 200 timesteps
Non-fatal Warning [dataset.py]: The wav path " wavs/LJ022-0044.wav " is not find in the metadata. Use empty waveform instead. This is normal in the inference process.
Given pitch_sketch: True | Given energy_sketch: True
Given pitch: False | Given energy: False | Given phoneme_duration: True
Use ddim sampler
Data shape for DDIM sampling is (1, 8, 216, 20), eta 1.0
Running DDIM Sampling with 200 timesteps
Non-fatal Warning [dataset.py]: The wav path " wavs/LJ017-0268.wav " is not find in the metadata. Use empty waveform instead. This is normal in the inference process.
Given pitch_sketch: True | Given energy_sketch: True
Given pitch: False | Given energy: False | Given phoneme_duration: True
Use ddim sampler
Data shape for DDIM sampling is (1, 8, 216, 20), eta 1.0
Running DDIM Sampling with 200 timesteps
Non-fatal Warning [dataset.py]: The wav path " wavs/LJ037-0104.wav " is not find in the metadata. Use empty waveform instead. This is normal in the inference process.
Given pitch_sketch: True | Given energy_sketch: True
Given pitch: False | Given energy: False | Given phoneme_duration: True
Use ddim sampler
Data shape for DDIM sampling is (1, 8, 216, 20), eta 1.0
Running DDIM Sampling with 200 timesteps
Non-fatal Warning [dataset.py]: The wav path " wavs/LJ027-0093.wav " is not find in the metadata. Use empty waveform instead. This is normal in the inference process.
Given pitch_sketch: True | Given energy_sketch: True
Given pitch: False | Given energy: False | Given phoneme_duration: True
Use ddim sampler
Data shape for DDIM sampling is (1, 8, 216, 20), eta 1.0
Running DDIM Sampling with 200 timesteps
Non-fatal Warning [dataset.py]: The wav path " wavs/LJ007-0117.wav " is not find in the metadata. Use empty waveform instead. This is normal in the inference process.
Given pitch_sketch: True | Given energy_sketch: True
Given pitch: False | Given energy: False | Given phoneme_duration: True
Use ddim sampler
Data shape for DDIM sampling is (1, 8, 216, 20), eta 1.0
Running DDIM Sampling with 200 timesteps
Non-fatal Warning [dataset.py]: The wav path " wavs/LJ006-0193.wav " is not find in the metadata. Use empty waveform instead. This is normal in the inference process.
Given pitch_sketch: True | Given energy_sketch: True
Given pitch: False | Given energy: False | Given phoneme_duration: True
Use ddim sampler
Data shape for DDIM sampling is (1, 8, 216, 20), eta 1.0
Running DDIM Sampling with 200 timesteps
Non-fatal Warning [dataset.py]: The wav path " wavs/LJ038-0176.wav " is not find in the metadata. Use empty waveform instead. This is normal in the inference process.
Given pitch_sketch: True | Given energy_sketch: True
Given pitch: False | Given energy: False | Given phoneme_duration: True
Use ddim sampler
Data shape for DDIM sampling is (1, 8, 216, 20), eta 1.0
Running DDIM Sampling with 200 timesteps
Non-fatal Warning [dataset.py]: The wav path " wavs/LJ033-0131.wav " is not find in the metadata. Use empty waveform instead. This is normal in the inference process.
Given pitch_sketch: True | Given energy_sketch: True
Given pitch: False | Given energy: False | Given phoneme_duration: True
Use ddim sampler
Data shape for DDIM sampling is (1, 8, 216, 20), eta 1.0
Running DDIM Sampling with 200 timesteps
Non-fatal Warning [dataset.py]: The wav path " wavs/LJ039-0189.wav " is not find in the metadata. Use empty waveform instead. This is normal in the inference process.
Given pitch_sketch: True | Given energy_sketch: True
Given pitch: False | Given energy: False | Given phoneme_duration: True
Use ddim sampler
Data shape for DDIM sampling is (1, 8, 216, 20), eta 1.0
Running DDIM Sampling with 200 timesteps
Non-fatal Warning [dataset.py]: The wav path " wavs/LJ050-0028.wav " is not find in the metadata. Use empty waveform instead. This is normal in the inference process.
Given pitch_sketch: True | Given energy_sketch: True
Given pitch: False | Given energy: False | Given phoneme_duration: True
Use ddim sampler
Data shape for DDIM sampling is (1, 8, 216, 20), eta 1.0
Running DDIM Sampling with 200 timesteps
Non-fatal Warning [dataset.py]: The wav path " wavs/LJ038-0186.wav " is not find in the metadata. Use empty waveform instead. This is normal in the inference process.
Given pitch_sketch: True | Given energy_sketch: True
Given pitch: False | Given energy: False | Given phoneme_duration: True
Use ddim sampler
Data shape for DDIM sampling is (1, 8, 216, 20), eta 1.0
Running DDIM Sampling with 200 timesteps
Non-fatal Warning [dataset.py]: The wav path " wavs/LJ044-0069.wav " is not find in the metadata. Use empty waveform instead. This is normal in the inference process.
Given pitch_sketch: True | Given energy_sketch: True
Given pitch: False | Given energy: False | Given phoneme_duration: True
Use ddim sampler
Data shape for DDIM sampling is (1, 8, 216, 20), eta 1.0
Running DDIM Sampling with 200 timesteps
Non-fatal Warning [dataset.py]: The wav path " wavs/LJ040-0225.wav " is not find in the metadata. Use empty waveform instead. This is normal in the inference process.
Given pitch_sketch: True | Given energy_sketch: True
Given pitch: False | Given energy: False | Given phoneme_duration: True
Use ddim sampler
Data shape for DDIM sampling is (1, 8, 216, 20), eta 1.0
Running DDIM Sampling with 200 timesteps
Non-fatal Warning [dataset.py]: The wav path " wavs/LJ030-0070.wav " is not find in the metadata. Use empty waveform instead. This is normal in the inference process.
Given pitch_sketch: True | Given energy_sketch: True
Given pitch: False | Given energy: False | Given phoneme_duration: True
Use ddim sampler
Data shape for DDIM sampling is (1, 8, 216, 20), eta 1.0
Running DDIM Sampling with 200 timesteps
Non-fatal Warning [dataset.py]: The wav path " wavs/LJ009-0143.wav " is not find in the metadata. Use empty waveform instead. This is normal in the inference process.
Given pitch_sketch: True | Given energy_sketch: True
Given pitch: False | Given energy: False | Given phoneme_duration: True
Use ddim sampler
Data shape for DDIM sampling is (1, 8, 216, 20), eta 1.0
Running DDIM Sampling with 200 timesteps
Non-fatal Warning [dataset.py]: The wav path " wavs/LJ015-0103.wav " is not find in the metadata. Use empty waveform instead. This is normal in the inference process.
Given pitch_sketch: True | Given energy_sketch: True
Given pitch: False | Given energy: False | Given phoneme_duration: True
Use ddim sampler
Data shape for DDIM sampling is (1, 8, 216, 20), eta 1.0
Running DDIM Sampling with 200 timesteps
Non-fatal Warning [dataset.py]: The wav path " wavs/LJ005-0184.wav " is not find in the metadata. Use empty waveform instead. This is normal in the inference process.
Given pitch_sketch: True | Given energy_sketch: True
Given pitch: False | Given energy: False | Given phoneme_duration: True
Use ddim sampler
Data shape for DDIM sampling is (1, 8, 216, 20), eta 1.0
Running DDIM Sampling with 200 timesteps
Non-fatal Warning [dataset.py]: The wav path " wavs/LJ027-0070.wav " is not find in the metadata. Use empty waveform instead. This is normal in the inference process.
Given pitch_sketch: True | Given energy_sketch: True
Given pitch: False | Given energy: False | Given phoneme_duration: True
Use ddim sampler
Data shape for DDIM sampling is (1, 8, 216, 20), eta 1.0
Running DDIM Sampling with 200 timesteps
Non-fatal Warning [dataset.py]: The wav path " wavs/LJ022-0147.wav " is not find in the metadata. Use empty waveform instead. This is normal in the inference process.
Given pitch_sketch: True | Given energy_sketch: True
Given pitch: False | Given energy: False | Given phoneme_duration: True
Use ddim sampler
Data shape for DDIM sampling is (1, 8, 216, 20), eta 1.0
Running DDIM Sampling with 200 timesteps
Non-fatal Warning [dataset.py]: The wav path " wavs/LJ030-0167.wav " is not find in the metadata. Use empty waveform instead. This is normal in the inference process.
Given pitch_sketch: True | Given energy_sketch: True
Given pitch: False | Given energy: False | Given phoneme_duration: True
Use ddim sampler
Data shape for DDIM sampling is (1, 8, 216, 20), eta 1.0
Running DDIM Sampling with 200 timesteps
Non-fatal Warning [dataset.py]: The wav path " wavs/LJ048-0138.wav " is not find in the metadata. Use empty waveform instead. This is normal in the inference process.
Given pitch_sketch: True | Given energy_sketch: True
Given pitch: False | Given energy: False | Given phoneme_duration: True
Use ddim sampler
Data shape for DDIM sampling is (1, 8, 216, 20), eta 1.0
Running DDIM Sampling with 200 timesteps
Non-fatal Warning [dataset.py]: The wav path " wavs/LJ036-0113.wav " is not find in the metadata. Use empty waveform instead. This is normal in the inference process.
Given pitch_sketch: True | Given energy_sketch: True
Given pitch: False | Given energy: False | Given phoneme_duration: True
Use ddim sampler
Data shape for DDIM sampling is (1, 8, 216, 20), eta 1.0
Running DDIM Sampling with 200 timesteps
Non-fatal Warning [dataset.py]: The wav path " wavs/LJ007-0159.wav " is not find in the metadata. Use empty waveform instead. This is normal in the inference process.
Given pitch_sketch: True | Given energy_sketch: True
Given pitch: False | Given energy: False | Given phoneme_duration: True
Use ddim sampler
Data shape for DDIM sampling is (1, 8, 216, 20), eta 1.0
Running DDIM Sampling with 200 timesteps
Non-fatal Warning [dataset.py]: The wav path " wavs/LJ037-0115.wav " is not find in the metadata. Use empty waveform instead. This is normal in the inference process.
Given pitch_sketch: True | Given energy_sketch: True
Given pitch: False | Given energy: False | Given phoneme_duration: True
Use ddim sampler
Data shape for DDIM sampling is (1, 8, 216, 20), eta 1.0
Running DDIM Sampling with 200 timesteps
Non-fatal Warning [dataset.py]: The wav path " wavs/LJ032-0259.wav " is not find in the metadata. Use empty waveform instead. This is normal in the inference process.
Given pitch_sketch: True | Given energy_sketch: True
Given pitch: False | Given energy: False | Given phoneme_duration: True
Use ddim sampler
Data shape for DDIM sampling is (1, 8, 216, 20), eta 1.0
Running DDIM Sampling with 200 timesteps
Plotting: Restored training weights
RMSE dir (with duration): log/latent_diffusion/config/drawspeech_ljspeech_22k/infer_07-31-04:34_cfg_scale_3.5_ddim_200_n_cand_1
Processed 300 files (skipped 0)
Average Pitch RMSE: 32.37 Hz
Average Energy RMSE: 4.71 dB
=========== ENERGY CROSS: DURATION PREDICTED ===========
SEED EVERYTHING TO 0
Add-ons: [<function get_preprocessed_meta at 0x759f77e813f0>]
Dataset initialize finished
Reload ckpt specified in the config file data/checkpoints/drawspeech_fixed.ckpt
LatentDiffusion: Running in eps-prediction mode
DiffusionWrapper has 93.85 M params.
Keeping EMAs of 784.
making attention of type 'vanilla' with 512 in_channels
making attention of type 'vanilla' with 512 in_channels
loaded pretrained LPIPS loss from taming/modules/autoencoder/lpips/vgg.pth
==> Loading HiFi-GAN LJ_V1 (https://github.com/jik876/hifi-gan) pretrained on LJSpeech
Removing weight norm...
Initial learning rate 1e-05
--> Reload weight of autoencoder from data/checkpoints/vae.ckpt
prob_drop_pitch: 0.2 | prob_drop_energy: 0.2
Set infer mode for TextEncoderwithVarianceAdaptor
Set infer mode for SketchEncoder
Waveform inference save path:  ./log/latent_diffusion/config/drawspeech_ljspeech_22k/infer_07-31-05:55_cfg_scale_3.5_ddim_200_n_cand_1
Plotting: Switched to EMA weights
Non-fatal Warning [dataset.py]: The wav path " wavs/LJ038-0144.wav " is not find in the metadata. Use empty waveform instead. This is normal in the inference process.
Given pitch_sketch: True | Given energy_sketch: True
Given pitch: False | Given energy: False | Given phoneme_duration: False
Use ddim sampler
Data shape for DDIM sampling is (1, 8, 216, 20), eta 1.0
Running DDIM Sampling with 200 timesteps
Non-fatal Warning [dataset.py]: The wav path " wavs/LJ014-0074.wav " is not find in the metadata. Use empty waveform instead. This is normal in the inference process.
Given pitch_sketch: True | Given energy_sketch: True
Given pitch: False | Given energy: False | Given phoneme_duration: False
Use ddim sampler
Data shape for DDIM sampling is (1, 8, 216, 20), eta 1.0
Running DDIM Sampling with 200 timesteps
Non-fatal Warning [dataset.py]: The wav path " wavs/LJ047-0199.wav " is not find in the metadata. Use empty waveform instead. This is normal in the inference process.
Given pitch_sketch: True | Given energy_sketch: True
Given pitch: False | Given energy: False | Given phoneme_duration: False
Use ddim sampler
Data shape for DDIM sampling is (1, 8, 216, 20), eta 1.0
Running DDIM Sampling with 200 timesteps
Non-fatal Warning [dataset.py]: The wav path " wavs/LJ033-0181.wav " is not find in the metadata. Use empty waveform instead. This is normal in the inference process.
Given pitch_sketch: True | Given energy_sketch: True
Given pitch: False | Given energy: False | Given phoneme_duration: False
Use ddim sampler
Data shape for DDIM sampling is (1, 8, 216, 20), eta 1.0
Running DDIM Sampling with 200 timesteps
Non-fatal Warning [dataset.py]: The wav path " wavs/LJ014-0294.wav " is not find in the metadata. Use empty waveform instead. This is normal in the inference process.
Given pitch_sketch: True | Given energy_sketch: True
Given pitch: False | Given energy: False | Given phoneme_duration: False
Use ddim sampler
Data shape for DDIM sampling is (1, 8, 216, 20), eta 1.0
Running DDIM Sampling with 200 timesteps
Non-fatal Warning [dataset.py]: The wav path " wavs/LJ027-0072.wav " is not find in the metadata. Use empty waveform instead. This is normal in the inference process.
Given pitch_sketch: True | Given energy_sketch: True
Given pitch: False | Given energy: False | Given phoneme_duration: False
Use ddim sampler
Data shape for DDIM sampling is (1, 8, 216, 20), eta 1.0
Running DDIM Sampling with 200 timesteps
Non-fatal Warning [dataset.py]: The wav path " wavs/LJ021-0019.wav " is not find in the metadata. Use empty waveform instead. This is normal in the inference process.
Given pitch_sketch: True | Given energy_sketch: True
Given pitch: False | Given energy: False | Given phoneme_duration: False
Use ddim sampler
Data shape for DDIM sampling is (1, 8, 216, 20), eta 1.0
Running DDIM Sampling with 200 timesteps
Non-fatal Warning [dataset.py]: The wav path " wavs/LJ030-0151.wav " is not find in the metadata. Use empty waveform instead. This is normal in the inference process.
Given pitch_sketch: True | Given energy_sketch: True
Given pitch: False | Given energy: False | Given phoneme_duration: False
Use ddim sampler
Data shape for DDIM sampling is (1, 8, 216, 20), eta 1.0
Running DDIM Sampling with 200 timesteps
Non-fatal Warning [dataset.py]: The wav path " wavs/LJ018-0183.wav " is not find in the metadata. Use empty waveform instead. This is normal in the inference process.
Given pitch_sketch: True | Given energy_sketch: True
Given pitch: False | Given energy: False | Given phoneme_duration: False
Use ddim sampler
Data shape for DDIM sampling is (1, 8, 216, 20), eta 1.0
Running DDIM Sampling with 200 timesteps
Non-fatal Warning [dataset.py]: The wav path " wavs/LJ019-0381.wav " is not find in the metadata. Use empty waveform instead. This is normal in the inference process.
Given pitch_sketch: True | Given energy_sketch: True
Given pitch: False | Given energy: False | Given phoneme_duration: False
Use ddim sampler
Data shape for DDIM sampling is (1, 8, 216, 20), eta 1.0
Running DDIM Sampling with 200 timesteps
Non-fatal Warning [dataset.py]: The wav path " wavs/LJ048-0002.wav " is not find in the metadata. Use empty waveform instead. This is normal in the inference process.
Given pitch_sketch: True | Given energy_sketch: True
Given pitch: False | Given energy: False | Given phoneme_duration: False
Use ddim sampler
Data shape for DDIM sampling is (1, 8, 216, 20), eta 1.0
Running DDIM Sampling with 200 timesteps
Non-fatal Warning [dataset.py]: The wav path " wavs/LJ007-0073.wav " is not find in the metadata. Use empty waveform instead. This is normal in the inference process.
Given pitch_sketch: True | Given energy_sketch: True
Given pitch: False | Given energy: False | Given phoneme_duration: False
Use ddim sampler
Data shape for DDIM sampling is (1, 8, 216, 20), eta 1.0
Running DDIM Sampling with 200 timesteps
Non-fatal Warning [dataset.py]: The wav path " wavs/LJ027-0133.wav " is not find in the metadata. Use empty waveform instead. This is normal in the inference process.
Given pitch_sketch: True | Given energy_sketch: True
Given pitch: False | Given energy: False | Given phoneme_duration: False
Use ddim sampler
Data shape for DDIM sampling is (1, 8, 216, 20), eta 1.0
Running DDIM Sampling with 200 timesteps
Non-fatal Warning [dataset.py]: The wav path " wavs/LJ013-0121.wav " is not find in the metadata. Use empty waveform instead. This is normal in the inference process.
Given pitch_sketch: True | Given energy_sketch: True
Given pitch: False | Given energy: False | Given phoneme_duration: False
Use ddim sampler
Data shape for DDIM sampling is (1, 8, 216, 20), eta 1.0
Running DDIM Sampling with 200 timesteps
Non-fatal Warning [dataset.py]: The wav path " wavs/LJ032-0004.wav " is not find in the metadata. Use empty waveform instead. This is normal in the inference process.
Given pitch_sketch: True | Given energy_sketch: True
Given pitch: False | Given energy: False | Given phoneme_duration: False
Use ddim sampler
Data shape for DDIM sampling is (1, 8, 216, 20), eta 1.0
Running DDIM Sampling with 200 timesteps
Non-fatal Warning [dataset.py]: The wav path " wavs/LJ017-0183.wav " is not find in the metadata. Use empty waveform instead. This is normal in the inference process.
Given pitch_sketch: True | Given energy_sketch: True
Given pitch: False | Given energy: False | Given phoneme_duration: False
Use ddim sampler
Data shape for DDIM sampling is (1, 8, 216, 20), eta 1.0
Running DDIM Sampling with 200 timesteps
Non-fatal Warning [dataset.py]: The wav path " wavs/LJ006-0291.wav " is not find in the metadata. Use empty waveform instead. This is normal in the inference process.
Given pitch_sketch: True | Given energy_sketch: True
Given pitch: False | Given energy: False | Given phoneme_duration: False
Use ddim sampler
Data shape for DDIM sampling is (1, 8, 216, 20), eta 1.0
Running DDIM Sampling with 200 timesteps
Non-fatal Warning [dataset.py]: The wav path " wavs/LJ049-0067.wav " is not find in the metadata. Use empty waveform instead. This is normal in the inference process.
Given pitch_sketch: True | Given energy_sketch: True
Given pitch: False | Given energy: False | Given phoneme_duration: False
Use ddim sampler
Data shape for DDIM sampling is (1, 8, 216, 20), eta 1.0
Running DDIM Sampling with 200 timesteps
Non-fatal Warning [dataset.py]: The wav path " wavs/LJ015-0184.wav " is not find in the metadata. Use empty waveform instead. This is normal in the inference process.
Given pitch_sketch: True | Given energy_sketch: True
Given pitch: False | Given energy: False | Given phoneme_duration: False
Use ddim sampler
Data shape for DDIM sampling is (1, 8, 216, 20), eta 1.0
Running DDIM Sampling with 200 timesteps
Non-fatal Warning [dataset.py]: The wav path " wavs/LJ018-0049.wav " is not find in the metadata. Use empty waveform instead. This is normal in the inference process.
Given pitch_sketch: True | Given energy_sketch: True
Given pitch: False | Given energy: False | Given phoneme_duration: False
Use ddim sampler
Data shape for DDIM sampling is (1, 8, 216, 20), eta 1.0
Running DDIM Sampling with 200 timesteps
Non-fatal Warning [dataset.py]: The wav path " wavs/LJ008-0094.wav " is not find in the metadata. Use empty waveform instead. This is normal in the inference process.
Given pitch_sketch: True | Given energy_sketch: True
Given pitch: False | Given energy: False | Given phoneme_duration: False
Use ddim sampler
Data shape for DDIM sampling is (1, 8, 216, 20), eta 1.0
Running DDIM Sampling with 200 timesteps
Non-fatal Warning [dataset.py]: The wav path " wavs/LJ042-0172.wav " is not find in the metadata. Use empty waveform instead. This is normal in the inference process.
Given pitch_sketch: True | Given energy_sketch: True
Given pitch: False | Given energy: False | Given phoneme_duration: False
Use ddim sampler
Data shape for DDIM sampling is (1, 8, 216, 20), eta 1.0
Running DDIM Sampling with 200 timesteps
Non-fatal Warning [dataset.py]: The wav path " wavs/LJ026-0073.wav " is not find in the metadata. Use empty waveform instead. This is normal in the inference process.
Given pitch_sketch: True | Given energy_sketch: True
Given pitch: False | Given energy: False | Given phoneme_duration: False
Use ddim sampler
Data shape for DDIM sampling is (1, 8, 216, 20), eta 1.0
Running DDIM Sampling with 200 timesteps
Non-fatal Warning [dataset.py]: The wav path " wavs/LJ002-0272.wav " is not find in the metadata. Use empty waveform instead. This is normal in the inference process.
Given pitch_sketch: True | Given energy_sketch: True
Given pitch: False | Given energy: False | Given phoneme_duration: False
Use ddim sampler
Data shape for DDIM sampling is (1, 8, 216, 20), eta 1.0
Running DDIM Sampling with 200 timesteps
Non-fatal Warning [dataset.py]: The wav path " wavs/LJ002-0031.wav " is not find in the metadata. Use empty waveform instead. This is normal in the inference process.
Given pitch_sketch: True | Given energy_sketch: True
Given pitch: False | Given energy: False | Given phoneme_duration: False
Use ddim sampler
Data shape for DDIM sampling is (1, 8, 216, 20), eta 1.0
Running DDIM Sampling with 200 timesteps
Non-fatal Warning [dataset.py]: The wav path " wavs/LJ022-0124.wav " is not find in the metadata. Use empty waveform instead. This is normal in the inference process.
Given pitch_sketch: True | Given energy_sketch: True
Given pitch: False | Given energy: False | Given phoneme_duration: False
Use ddim sampler
Data shape for DDIM sampling is (1, 8, 216, 20), eta 1.0
Running DDIM Sampling with 200 timesteps
Non-fatal Warning [dataset.py]: The wav path " wavs/LJ021-0182.wav " is not find in the metadata. Use empty waveform instead. This is normal in the inference process.
Given pitch_sketch: True | Given energy_sketch: True
Given pitch: False | Given energy: False | Given phoneme_duration: False
Use ddim sampler
Data shape for DDIM sampling is (1, 8, 216, 20), eta 1.0
Running DDIM Sampling with 200 timesteps
Non-fatal Warning [dataset.py]: The wav path " wavs/LJ028-0451.wav " is not find in the metadata. Use empty waveform instead. This is normal in the inference process.
Given pitch_sketch: True | Given energy_sketch: True
Given pitch: False | Given energy: False | Given phoneme_duration: False
Use ddim sampler
Data shape for DDIM sampling is (1, 8, 216, 20), eta 1.0
Running DDIM Sampling with 200 timesteps
Non-fatal Warning [dataset.py]: The wav path " wavs/LJ037-0074.wav " is not find in the metadata. Use empty waveform instead. This is normal in the inference process.
Given pitch_sketch: True | Given energy_sketch: True
Given pitch: False | Given energy: False | Given phoneme_duration: False
Use ddim sampler
Data shape for DDIM sampling is (1, 8, 216, 20), eta 1.0
Running DDIM Sampling with 200 timesteps
Non-fatal Warning [dataset.py]: The wav path " wavs/LJ004-0066.wav " is not find in the metadata. Use empty waveform instead. This is normal in the inference process.
Given pitch_sketch: True | Given energy_sketch: True
Given pitch: False | Given energy: False | Given phoneme_duration: False
Use ddim sampler
Data shape for DDIM sampling is (1, 8, 216, 20), eta 1.0
Running DDIM Sampling with 200 timesteps
Non-fatal Warning [dataset.py]: The wav path " wavs/LJ003-0056.wav " is not find in the metadata. Use empty waveform instead. This is normal in the inference process.
Given pitch_sketch: True | Given energy_sketch: True
Given pitch: False | Given energy: False | Given phoneme_duration: False
Use ddim sampler
Data shape for DDIM sampling is (1, 8, 216, 20), eta 1.0
Running DDIM Sampling with 200 timesteps
Non-fatal Warning [dataset.py]: The wav path " wavs/LJ030-0075.wav " is not find in the metadata. Use empty waveform instead. This is normal in the inference process.
Given pitch_sketch: True | Given energy_sketch: True
Given pitch: False | Given energy: False | Given phoneme_duration: False
Use ddim sampler
Data shape for DDIM sampling is (1, 8, 216, 20), eta 1.0
Running DDIM Sampling with 200 timesteps
Non-fatal Warning [dataset.py]: The wav path " wavs/LJ017-0120.wav " is not find in the metadata. Use empty waveform instead. This is normal in the inference process.
Given pitch_sketch: True | Given energy_sketch: True
Given pitch: False | Given energy: False | Given phoneme_duration: False
Use ddim sampler
Data shape for DDIM sampling is (1, 8, 216, 20), eta 1.0
Running DDIM Sampling with 200 timesteps
Non-fatal Warning [dataset.py]: The wav path " wavs/LJ014-0123.wav " is not find in the metadata. Use empty waveform instead. This is normal in the inference process.
Given pitch_sketch: True | Given energy_sketch: True
Given pitch: False | Given energy: False | Given phoneme_duration: False
Use ddim sampler
Data shape for DDIM sampling is (1, 8, 216, 20), eta 1.0
Running DDIM Sampling with 200 timesteps
Non-fatal Warning [dataset.py]: The wav path " wavs/LJ019-0153.wav " is not find in the metadata. Use empty waveform instead. This is normal in the inference process.
Given pitch_sketch: True | Given energy_sketch: True
Given pitch: False | Given energy: False | Given phoneme_duration: False
Use ddim sampler
Data shape for DDIM sampling is (1, 8, 216, 20), eta 1.0
Running DDIM Sampling with 200 timesteps
Non-fatal Warning [dataset.py]: The wav path " wavs/LJ006-0070.wav " is not find in the metadata. Use empty waveform instead. This is normal in the inference process.
Given pitch_sketch: True | Given energy_sketch: True
Given pitch: False | Given energy: False | Given phoneme_duration: False
Use ddim sampler
Data shape for DDIM sampling is (1, 8, 216, 20), eta 1.0
Running DDIM Sampling with 200 timesteps
Non-fatal Warning [dataset.py]: The wav path " wavs/LJ046-0145.wav " is not find in the metadata. Use empty waveform instead. This is normal in the inference process.
Given pitch_sketch: True | Given energy_sketch: True
Given pitch: False | Given energy: False | Given phoneme_duration: False
Use ddim sampler
Data shape for DDIM sampling is (1, 8, 216, 20), eta 1.0
Running DDIM Sampling with 200 timesteps
Non-fatal Warning [dataset.py]: The wav path " wavs/LJ013-0009.wav " is not find in the metadata. Use empty waveform instead. This is normal in the inference process.
Given pitch_sketch: True | Given energy_sketch: True
Given pitch: False | Given energy: False | Given phoneme_duration: False
Use ddim sampler
Data shape for DDIM sampling is (1, 8, 216, 20), eta 1.0
Running DDIM Sampling with 200 timesteps
Non-fatal Warning [dataset.py]: The wav path " wavs/LJ007-0170.wav " is not find in the metadata. Use empty waveform instead. This is normal in the inference process.
Given pitch_sketch: True | Given energy_sketch: True
Given pitch: False | Given energy: False | Given phoneme_duration: False
Use ddim sampler
Data shape for DDIM sampling is (1, 8, 216, 20), eta 1.0
Running DDIM Sampling with 200 timesteps
Non-fatal Warning [dataset.py]: The wav path " wavs/LJ003-0076.wav " is not find in the metadata. Use empty waveform instead. This is normal in the inference process.
Given pitch_sketch: True | Given energy_sketch: True
Given pitch: False | Given energy: False | Given phoneme_duration: False
Use ddim sampler
Data shape for DDIM sampling is (1, 8, 216, 20), eta 1.0
Running DDIM Sampling with 200 timesteps
Non-fatal Warning [dataset.py]: The wav path " wavs/LJ006-0170.wav " is not find in the metadata. Use empty waveform instead. This is normal in the inference process.
Given pitch_sketch: True | Given energy_sketch: True
Given pitch: False | Given energy: False | Given phoneme_duration: False
Use ddim sampler
Data shape for DDIM sampling is (1, 8, 216, 20), eta 1.0
Running DDIM Sampling with 200 timesteps
Non-fatal Warning [dataset.py]: The wav path " wavs/LJ007-0093.wav " is not find in the metadata. Use empty waveform instead. This is normal in the inference process.
Given pitch_sketch: True | Given energy_sketch: True
Given pitch: False | Given energy: False | Given phoneme_duration: False
Use ddim sampler
Data shape for DDIM sampling is (1, 8, 216, 20), eta 1.0
Running DDIM Sampling with 200 timesteps
Non-fatal Warning [dataset.py]: The wav path " wavs/LJ015-0206.wav " is not find in the metadata. Use empty waveform instead. This is normal in the inference process.
Given pitch_sketch: True | Given energy_sketch: True
Given pitch: False | Given energy: False | Given phoneme_duration: False
Use ddim sampler
Data shape for DDIM sampling is (1, 8, 216, 20), eta 1.0
Running DDIM Sampling with 200 timesteps
Non-fatal Warning [dataset.py]: The wav path " wavs/LJ049-0218.wav " is not find in the metadata. Use empty waveform instead. This is normal in the inference process.
Given pitch_sketch: True | Given energy_sketch: True
Given pitch: False | Given energy: False | Given phoneme_duration: False
Use ddim sampler
Data shape for DDIM sampling is (1, 8, 216, 20), eta 1.0
Running DDIM Sampling with 200 timesteps
Non-fatal Warning [dataset.py]: The wav path " wavs/LJ025-0034.wav " is not find in the metadata. Use empty waveform instead. This is normal in the inference process.
Given pitch_sketch: True | Given energy_sketch: True
Given pitch: False | Given energy: False | Given phoneme_duration: False
Use ddim sampler
Data shape for DDIM sampling is (1, 8, 216, 20), eta 1.0
Running DDIM Sampling with 200 timesteps
Non-fatal Warning [dataset.py]: The wav path " wavs/LJ010-0055.wav " is not find in the metadata. Use empty waveform instead. This is normal in the inference process.
Given pitch_sketch: True | Given energy_sketch: True
Given pitch: False | Given energy: False | Given phoneme_duration: False
Use ddim sampler
Data shape for DDIM sampling is (1, 8, 216, 20), eta 1.0
Running DDIM Sampling with 200 timesteps
Non-fatal Warning [dataset.py]: The wav path " wavs/LJ007-0017.wav " is not find in the metadata. Use empty waveform instead. This is normal in the inference process.
Given pitch_sketch: True | Given energy_sketch: True
Given pitch: False | Given energy: False | Given phoneme_duration: False
Use ddim sampler
Data shape for DDIM sampling is (1, 8, 216, 20), eta 1.0
Running DDIM Sampling with 200 timesteps
Non-fatal Warning [dataset.py]: The wav path " wavs/LJ028-0410.wav " is not find in the metadata. Use empty waveform instead. This is normal in the inference process.
Given pitch_sketch: True | Given energy_sketch: True
Given pitch: False | Given energy: False | Given phoneme_duration: False
Use ddim sampler
Data shape for DDIM sampling is (1, 8, 216, 20), eta 1.0
Running DDIM Sampling with 200 timesteps
Non-fatal Warning [dataset.py]: The wav path " wavs/LJ034-0109.wav " is not find in the metadata. Use empty waveform instead. This is normal in the inference process.
Given pitch_sketch: True | Given energy_sketch: True
Given pitch: False | Given energy: False | Given phoneme_duration: False
Use ddim sampler
Data shape for DDIM sampling is (1, 8, 216, 20), eta 1.0
Running DDIM Sampling with 200 timesteps
Non-fatal Warning [dataset.py]: The wav path " wavs/LJ040-0013.wav " is not find in the metadata. Use empty waveform instead. This is normal in the inference process.
Given pitch_sketch: True | Given energy_sketch: True
Given pitch: False | Given energy: False | Given phoneme_duration: False
Use ddim sampler
Data shape for DDIM sampling is (1, 8, 216, 20), eta 1.0
Running DDIM Sampling with 200 timesteps
Non-fatal Warning [dataset.py]: The wav path " wavs/LJ011-0025.wav " is not find in the metadata. Use empty waveform instead. This is normal in the inference process.
Given pitch_sketch: True | Given energy_sketch: True
Given pitch: False | Given energy: False | Given phoneme_duration: False
Use ddim sampler
Data shape for DDIM sampling is (1, 8, 216, 20), eta 1.0
Running DDIM Sampling with 200 timesteps
Non-fatal Warning [dataset.py]: The wav path " wavs/LJ023-0053.wav " is not find in the metadata. Use empty waveform instead. This is normal in the inference process.
Given pitch_sketch: True | Given energy_sketch: True
Given pitch: False | Given energy: False | Given phoneme_duration: False
Use ddim sampler
Data shape for DDIM sampling is (1, 8, 216, 20), eta 1.0
Running DDIM Sampling with 200 timesteps
Non-fatal Warning [dataset.py]: The wav path " wavs/LJ050-0178.wav " is not find in the metadata. Use empty waveform instead. This is normal in the inference process.
Given pitch_sketch: True | Given energy_sketch: True
Given pitch: False | Given energy: False | Given phoneme_duration: False
Use ddim sampler
Data shape for DDIM sampling is (1, 8, 216, 20), eta 1.0
Running DDIM Sampling with 200 timesteps
Non-fatal Warning [dataset.py]: The wav path " wavs/LJ005-0087.wav " is not find in the metadata. Use empty waveform instead. This is normal in the inference process.
Given pitch_sketch: True | Given energy_sketch: True
Given pitch: False | Given energy: False | Given phoneme_duration: False
Use ddim sampler
Data shape for DDIM sampling is (1, 8, 216, 20), eta 1.0
Running DDIM Sampling with 200 timesteps
Non-fatal Warning [dataset.py]: The wav path " wavs/LJ020-0059.wav " is not find in the metadata. Use empty waveform instead. This is normal in the inference process.
Given pitch_sketch: True | Given energy_sketch: True
Given pitch: False | Given energy: False | Given phoneme_duration: False
Use ddim sampler
Data shape for DDIM sampling is (1, 8, 216, 20), eta 1.0
Running DDIM Sampling with 200 timesteps
Non-fatal Warning [dataset.py]: The wav path " wavs/LJ049-0021.wav " is not find in the metadata. Use empty waveform instead. This is normal in the inference process.
Given pitch_sketch: True | Given energy_sketch: True
Given pitch: False | Given energy: False | Given phoneme_duration: False
Use ddim sampler
Data shape for DDIM sampling is (1, 8, 216, 20), eta 1.0
Running DDIM Sampling with 200 timesteps
Non-fatal Warning [dataset.py]: The wav path " wavs/LJ034-0138.wav " is not find in the metadata. Use empty waveform instead. This is normal in the inference process.
Given pitch_sketch: True | Given energy_sketch: True
Given pitch: False | Given energy: False | Given phoneme_duration: False
Use ddim sampler
Data shape for DDIM sampling is (1, 8, 216, 20), eta 1.0
Running DDIM Sampling with 200 timesteps
Non-fatal Warning [dataset.py]: The wav path " wavs/LJ016-0210.wav " is not find in the metadata. Use empty waveform instead. This is normal in the inference process.
Given pitch_sketch: True | Given energy_sketch: True
Given pitch: False | Given energy: False | Given phoneme_duration: False
Use ddim sampler
Data shape for DDIM sampling is (1, 8, 216, 20), eta 1.0
Running DDIM Sampling with 200 timesteps
Non-fatal Warning [dataset.py]: The wav path " wavs/LJ043-0115.wav " is not find in the metadata. Use empty waveform instead. This is normal in the inference process.
Given pitch_sketch: True | Given energy_sketch: True
Given pitch: False | Given energy: False | Given phoneme_duration: False
Use ddim sampler
Data shape for DDIM sampling is (1, 8, 216, 20), eta 1.0
Running DDIM Sampling with 200 timesteps
Non-fatal Warning [dataset.py]: The wav path " wavs/LJ033-0066.wav " is not find in the metadata. Use empty waveform instead. This is normal in the inference process.
Given pitch_sketch: True | Given energy_sketch: True
Given pitch: False | Given energy: False | Given phoneme_duration: False
Use ddim sampler
Data shape for DDIM sampling is (1, 8, 216, 20), eta 1.0
Running DDIM Sampling with 200 timesteps
Non-fatal Warning [dataset.py]: The wav path " wavs/LJ037-0096.wav " is not find in the metadata. Use empty waveform instead. This is normal in the inference process.
Given pitch_sketch: True | Given energy_sketch: True
Given pitch: False | Given energy: False | Given phoneme_duration: False
Use ddim sampler
Data shape for DDIM sampling is (1, 8, 216, 20), eta 1.0
Running DDIM Sampling with 200 timesteps
Non-fatal Warning [dataset.py]: The wav path " wavs/LJ012-0278.wav " is not find in the metadata. Use empty waveform instead. This is normal in the inference process.
Given pitch_sketch: True | Given energy_sketch: True
Given pitch: False | Given energy: False | Given phoneme_duration: False
Use ddim sampler
Data shape for DDIM sampling is (1, 8, 216, 20), eta 1.0
Running DDIM Sampling with 200 timesteps
Non-fatal Warning [dataset.py]: The wav path " wavs/LJ041-0101.wav " is not find in the metadata. Use empty waveform instead. This is normal in the inference process.
Given pitch_sketch: True | Given energy_sketch: True
Given pitch: False | Given energy: False | Given phoneme_duration: False
Use ddim sampler
Data shape for DDIM sampling is (1, 8, 216, 20), eta 1.0
Running DDIM Sampling with 200 timesteps
Non-fatal Warning [dataset.py]: The wav path " wavs/LJ004-0185.wav " is not find in the metadata. Use empty waveform instead. This is normal in the inference process.
Given pitch_sketch: True | Given energy_sketch: True
Given pitch: False | Given energy: False | Given phoneme_duration: False
Use ddim sampler
Data shape for DDIM sampling is (1, 8, 216, 20), eta 1.0
Running DDIM Sampling with 200 timesteps
Non-fatal Warning [dataset.py]: The wav path " wavs/LJ004-0144.wav " is not find in the metadata. Use empty waveform instead. This is normal in the inference process.
Given pitch_sketch: True | Given energy_sketch: True
Given pitch: False | Given energy: False | Given phoneme_duration: False
Use ddim sampler
Data shape for DDIM sampling is (1, 8, 216, 20), eta 1.0
Running DDIM Sampling with 200 timesteps
Non-fatal Warning [dataset.py]: The wav path " wavs/LJ036-0117.wav " is not find in the metadata. Use empty waveform instead. This is normal in the inference process.
Given pitch_sketch: True | Given energy_sketch: True
Given pitch: False | Given energy: False | Given phoneme_duration: False
Use ddim sampler
Data shape for DDIM sampling is (1, 8, 216, 20), eta 1.0
Running DDIM Sampling with 200 timesteps
Non-fatal Warning [dataset.py]: The wav path " wavs/LJ028-0498.wav " is not find in the metadata. Use empty waveform instead. This is normal in the inference process.
Given pitch_sketch: True | Given energy_sketch: True
Given pitch: False | Given energy: False | Given phoneme_duration: False
Use ddim sampler
Data shape for DDIM sampling is (1, 8, 216, 20), eta 1.0
Running DDIM Sampling with 200 timesteps
Non-fatal Warning [dataset.py]: The wav path " wavs/LJ032-0058.wav " is not find in the metadata. Use empty waveform instead. This is normal in the inference process.
Given pitch_sketch: True | Given energy_sketch: True
Given pitch: False | Given energy: False | Given phoneme_duration: False
Use ddim sampler
Data shape for DDIM sampling is (1, 8, 216, 20), eta 1.0
Running DDIM Sampling with 200 timesteps
Non-fatal Warning [dataset.py]: The wav path " wavs/LJ018-0133.wav " is not find in the metadata. Use empty waveform instead. This is normal in the inference process.
Given pitch_sketch: True | Given energy_sketch: True
Given pitch: False | Given energy: False | Given phoneme_duration: False
Use ddim sampler
Data shape for DDIM sampling is (1, 8, 216, 20), eta 1.0
Running DDIM Sampling with 200 timesteps
Non-fatal Warning [dataset.py]: The wav path " wavs/LJ040-0140.wav " is not find in the metadata. Use empty waveform instead. This is normal in the inference process.
Given pitch_sketch: True | Given energy_sketch: True
Given pitch: False | Given energy: False | Given phoneme_duration: False
Use ddim sampler
Data shape for DDIM sampling is (1, 8, 216, 20), eta 1.0
Running DDIM Sampling with 200 timesteps
Non-fatal Warning [dataset.py]: The wav path " wavs/LJ024-0072.wav " is not find in the metadata. Use empty waveform instead. This is normal in the inference process.
Given pitch_sketch: True | Given energy_sketch: True
Given pitch: False | Given energy: False | Given phoneme_duration: False
Use ddim sampler
Data shape for DDIM sampling is (1, 8, 216, 20), eta 1.0
Running DDIM Sampling with 200 timesteps
Non-fatal Warning [dataset.py]: The wav path " wavs/LJ015-0177.wav " is not find in the metadata. Use empty waveform instead. This is normal in the inference process.
Given pitch_sketch: True | Given energy_sketch: True
Given pitch: False | Given energy: False | Given phoneme_duration: False
Use ddim sampler
Data shape for DDIM sampling is (1, 8, 216, 20), eta 1.0
Running DDIM Sampling with 200 timesteps
Non-fatal Warning [dataset.py]: The wav path " wavs/LJ002-0152.wav " is not find in the metadata. Use empty waveform instead. This is normal in the inference process.
Given pitch_sketch: True | Given energy_sketch: True
Given pitch: False | Given energy: False | Given phoneme_duration: False
Use ddim sampler
Data shape for DDIM sampling is (1, 8, 216, 20), eta 1.0
Running DDIM Sampling with 200 timesteps
Non-fatal Warning [dataset.py]: The wav path " wavs/LJ019-0109.wav " is not find in the metadata. Use empty waveform instead. This is normal in the inference process.
Given pitch_sketch: True | Given energy_sketch: True
Given pitch: False | Given energy: False | Given phoneme_duration: False
Use ddim sampler
Data shape for DDIM sampling is (1, 8, 216, 20), eta 1.0
Running DDIM Sampling with 200 timesteps
Non-fatal Warning [dataset.py]: The wav path " wavs/LJ047-0175.wav " is not find in the metadata. Use empty waveform instead. This is normal in the inference process.
Given pitch_sketch: True | Given energy_sketch: True
Given pitch: False | Given energy: False | Given phoneme_duration: False
Use ddim sampler
Data shape for DDIM sampling is (1, 8, 216, 20), eta 1.0
Running DDIM Sampling with 200 timesteps
Non-fatal Warning [dataset.py]: The wav path " wavs/LJ013-0205.wav " is not find in the metadata. Use empty waveform instead. This is normal in the inference process.
Given pitch_sketch: True | Given energy_sketch: True
Given pitch: False | Given energy: False | Given phoneme_duration: False
Use ddim sampler
Data shape for DDIM sampling is (1, 8, 216, 20), eta 1.0
Running DDIM Sampling with 200 timesteps
Non-fatal Warning [dataset.py]: The wav path " wavs/LJ002-0151.wav " is not find in the metadata. Use empty waveform instead. This is normal in the inference process.
Given pitch_sketch: True | Given energy_sketch: True
Given pitch: False | Given energy: False | Given phoneme_duration: False
Use ddim sampler
Data shape for DDIM sampling is (1, 8, 216, 20), eta 1.0
Running DDIM Sampling with 200 timesteps
Non-fatal Warning [dataset.py]: The wav path " wavs/LJ044-0044.wav " is not find in the metadata. Use empty waveform instead. This is normal in the inference process.
Given pitch_sketch: True | Given energy_sketch: True
Given pitch: False | Given energy: False | Given phoneme_duration: False
Use ddim sampler
Data shape for DDIM sampling is (1, 8, 216, 20), eta 1.0
Running DDIM Sampling with 200 timesteps
Non-fatal Warning [dataset.py]: The wav path " wavs/LJ048-0260.wav " is not find in the metadata. Use empty waveform instead. This is normal in the inference process.
Given pitch_sketch: True | Given energy_sketch: True
Given pitch: False | Given energy: False | Given phoneme_duration: False
Use ddim sampler
Data shape for DDIM sampling is (1, 8, 216, 20), eta 1.0
Running DDIM Sampling with 200 timesteps
Non-fatal Warning [dataset.py]: The wav path " wavs/LJ011-0005.wav " is not find in the metadata. Use empty waveform instead. This is normal in the inference process.
Given pitch_sketch: True | Given energy_sketch: True
Given pitch: False | Given energy: False | Given phoneme_duration: False
Use ddim sampler
Data shape for DDIM sampling is (1, 8, 216, 20), eta 1.0
Running DDIM Sampling with 200 timesteps
Non-fatal Warning [dataset.py]: The wav path " wavs/LJ035-0189.wav " is not find in the metadata. Use empty waveform instead. This is normal in the inference process.
Given pitch_sketch: True | Given energy_sketch: True
Given pitch: False | Given energy: False | Given phoneme_duration: False
Use ddim sampler
Data shape for DDIM sampling is (1, 8, 216, 20), eta 1.0
Running DDIM Sampling with 200 timesteps
Non-fatal Warning [dataset.py]: The wav path " wavs/LJ041-0082.wav " is not find in the metadata. Use empty waveform instead. This is normal in the inference process.
Given pitch_sketch: True | Given energy_sketch: True
Given pitch: False | Given energy: False | Given phoneme_duration: False
Use ddim sampler
Data shape for DDIM sampling is (1, 8, 216, 20), eta 1.0
Running DDIM Sampling with 200 timesteps
Non-fatal Warning [dataset.py]: The wav path " wavs/LJ013-0059.wav " is not find in the metadata. Use empty waveform instead. This is normal in the inference process.
Given pitch_sketch: True | Given energy_sketch: True
Given pitch: False | Given energy: False | Given phoneme_duration: False
Use ddim sampler
Data shape for DDIM sampling is (1, 8, 216, 20), eta 1.0
Running DDIM Sampling with 200 timesteps
Non-fatal Warning [dataset.py]: The wav path " wavs/LJ015-0188.wav " is not find in the metadata. Use empty waveform instead. This is normal in the inference process.
Given pitch_sketch: True | Given energy_sketch: True
Given pitch: False | Given energy: False | Given phoneme_duration: False
Use ddim sampler
Data shape for DDIM sampling is (1, 8, 216, 20), eta 1.0
Running DDIM Sampling with 200 timesteps
Non-fatal Warning [dataset.py]: The wav path " wavs/LJ007-0226.wav " is not find in the metadata. Use empty waveform instead. This is normal in the inference process.
Given pitch_sketch: True | Given energy_sketch: True
Given pitch: False | Given energy: False | Given phoneme_duration: False
Use ddim sampler
Data shape for DDIM sampling is (1, 8, 216, 20), eta 1.0
Running DDIM Sampling with 200 timesteps
Non-fatal Warning [dataset.py]: The wav path " wavs/LJ035-0007.wav " is not find in the metadata. Use empty waveform instead. This is normal in the inference process.
Given pitch_sketch: True | Given energy_sketch: True
Given pitch: False | Given energy: False | Given phoneme_duration: False
Use ddim sampler
Data shape for DDIM sampling is (1, 8, 216, 20), eta 1.0
Running DDIM Sampling with 200 timesteps
Non-fatal Warning [dataset.py]: The wav path " wavs/LJ018-0359.wav " is not find in the metadata. Use empty waveform instead. This is normal in the inference process.
Given pitch_sketch: True | Given energy_sketch: True
Given pitch: False | Given energy: False | Given phoneme_duration: False
Use ddim sampler
Data shape for DDIM sampling is (1, 8, 216, 20), eta 1.0
Running DDIM Sampling with 200 timesteps
Non-fatal Warning [dataset.py]: The wav path " wavs/LJ037-0155.wav " is not find in the metadata. Use empty waveform instead. This is normal in the inference process.
Given pitch_sketch: True | Given energy_sketch: True
Given pitch: False | Given energy: False | Given phoneme_duration: False
Use ddim sampler
Data shape for DDIM sampling is (1, 8, 216, 20), eta 1.0
Running DDIM Sampling with 200 timesteps
Non-fatal Warning [dataset.py]: The wav path " wavs/LJ041-0049.wav " is not find in the metadata. Use empty waveform instead. This is normal in the inference process.
Given pitch_sketch: True | Given energy_sketch: True
Given pitch: False | Given energy: False | Given phoneme_duration: False
Use ddim sampler
Data shape for DDIM sampling is (1, 8, 216, 20), eta 1.0
Running DDIM Sampling with 200 timesteps
Non-fatal Warning [dataset.py]: The wav path " wavs/LJ017-0216.wav " is not find in the metadata. Use empty waveform instead. This is normal in the inference process.
Given pitch_sketch: True | Given energy_sketch: True
Given pitch: False | Given energy: False | Given phoneme_duration: False
Use ddim sampler
Data shape for DDIM sampling is (1, 8, 216, 20), eta 1.0
Running DDIM Sampling with 200 timesteps
Non-fatal Warning [dataset.py]: The wav path " wavs/LJ034-0200.wav " is not find in the metadata. Use empty waveform instead. This is normal in the inference process.
Given pitch_sketch: True | Given energy_sketch: True
Given pitch: False | Given energy: False | Given phoneme_duration: False
Use ddim sampler
Data shape for DDIM sampling is (1, 8, 216, 20), eta 1.0
Running DDIM Sampling with 200 timesteps
Non-fatal Warning [dataset.py]: The wav path " wavs/LJ019-0241.wav " is not find in the metadata. Use empty waveform instead. This is normal in the inference process.
Given pitch_sketch: True | Given energy_sketch: True
Given pitch: False | Given energy: False | Given phoneme_duration: False
Use ddim sampler
Data shape for DDIM sampling is (1, 8, 216, 20), eta 1.0
Running DDIM Sampling with 200 timesteps
Non-fatal Warning [dataset.py]: The wav path " wavs/LJ004-0157.wav " is not find in the metadata. Use empty waveform instead. This is normal in the inference process.
Given pitch_sketch: True | Given energy_sketch: True
Given pitch: False | Given energy: False | Given phoneme_duration: False
Use ddim sampler
Data shape for DDIM sampling is (1, 8, 216, 20), eta 1.0
Running DDIM Sampling with 200 timesteps
Non-fatal Warning [dataset.py]: The wav path " wavs/LJ030-0146.wav " is not find in the metadata. Use empty waveform instead. This is normal in the inference process.
Given pitch_sketch: True | Given energy_sketch: True
Given pitch: False | Given energy: False | Given phoneme_duration: False
Use ddim sampler
Data shape for DDIM sampling is (1, 8, 216, 20), eta 1.0
Running DDIM Sampling with 200 timesteps
Non-fatal Warning [dataset.py]: The wav path " wavs/LJ039-0223.wav " is not find in the metadata. Use empty waveform instead. This is normal in the inference process.
Given pitch_sketch: True | Given energy_sketch: True
Given pitch: False | Given energy: False | Given phoneme_duration: False
Use ddim sampler
Data shape for DDIM sampling is (1, 8, 216, 20), eta 1.0
Running DDIM Sampling with 200 timesteps
Non-fatal Warning [dataset.py]: The wav path " wavs/LJ005-0095.wav " is not find in the metadata. Use empty waveform instead. This is normal in the inference process.
Given pitch_sketch: True | Given energy_sketch: True
Given pitch: False | Given energy: False | Given phoneme_duration: False
Use ddim sampler
Data shape for DDIM sampling is (1, 8, 216, 20), eta 1.0
Running DDIM Sampling with 200 timesteps
Non-fatal Warning [dataset.py]: The wav path " wavs/LJ021-0168.wav " is not find in the metadata. Use empty waveform instead. This is normal in the inference process.
Given pitch_sketch: True | Given energy_sketch: True
Given pitch: False | Given energy: False | Given phoneme_duration: False
Use ddim sampler
Data shape for DDIM sampling is (1, 8, 216, 20), eta 1.0
Running DDIM Sampling with 200 timesteps
Non-fatal Warning [dataset.py]: The wav path " wavs/LJ007-0085.wav " is not find in the metadata. Use empty waveform instead. This is normal in the inference process.
Given pitch_sketch: True | Given energy_sketch: True
Given pitch: False | Given energy: False | Given phoneme_duration: False
Use ddim sampler
Data shape for DDIM sampling is (1, 8, 216, 20), eta 1.0
Running DDIM Sampling with 200 timesteps
Non-fatal Warning [dataset.py]: The wav path " wavs/LJ025-0085.wav " is not find in the metadata. Use empty waveform instead. This is normal in the inference process.
Given pitch_sketch: True | Given energy_sketch: True
Given pitch: False | Given energy: False | Given phoneme_duration: False
Use ddim sampler
Data shape for DDIM sampling is (1, 8, 216, 20), eta 1.0
Running DDIM Sampling with 200 timesteps
Non-fatal Warning [dataset.py]: The wav path " wavs/LJ001-0169.wav " is not find in the metadata. Use empty waveform instead. This is normal in the inference process.
Given pitch_sketch: True | Given energy_sketch: True
Given pitch: False | Given energy: False | Given phoneme_duration: False
Use ddim sampler
Data shape for DDIM sampling is (1, 8, 216, 20), eta 1.0
Running DDIM Sampling with 200 timesteps
Non-fatal Warning [dataset.py]: The wav path " wavs/LJ028-0056.wav " is not find in the metadata. Use empty waveform instead. This is normal in the inference process.
Given pitch_sketch: True | Given energy_sketch: True
Given pitch: False | Given energy: False | Given phoneme_duration: False
Use ddim sampler
Data shape for DDIM sampling is (1, 8, 216, 20), eta 1.0
Running DDIM Sampling with 200 timesteps
Non-fatal Warning [dataset.py]: The wav path " wavs/LJ041-0001.wav " is not find in the metadata. Use empty waveform instead. This is normal in the inference process.
Given pitch_sketch: True | Given energy_sketch: True
Given pitch: False | Given energy: False | Given phoneme_duration: False
Use ddim sampler
Data shape for DDIM sampling is (1, 8, 216, 20), eta 1.0
Running DDIM Sampling with 200 timesteps
Non-fatal Warning [dataset.py]: The wav path " wavs/LJ028-0278.wav " is not find in the metadata. Use empty waveform instead. This is normal in the inference process.
Given pitch_sketch: True | Given energy_sketch: True
Given pitch: False | Given energy: False | Given phoneme_duration: False
Use ddim sampler
Data shape for DDIM sampling is (1, 8, 216, 20), eta 1.0
Running DDIM Sampling with 200 timesteps
Non-fatal Warning [dataset.py]: The wav path " wavs/LJ007-0054.wav " is not find in the metadata. Use empty waveform instead. This is normal in the inference process.
Given pitch_sketch: True | Given energy_sketch: True
Given pitch: False | Given energy: False | Given phoneme_duration: False
Use ddim sampler
Data shape for DDIM sampling is (1, 8, 216, 20), eta 1.0
Running DDIM Sampling with 200 timesteps
Non-fatal Warning [dataset.py]: The wav path " wavs/LJ038-0135.wav " is not find in the metadata. Use empty waveform instead. This is normal in the inference process.
Given pitch_sketch: True | Given energy_sketch: True
Given pitch: False | Given energy: False | Given phoneme_duration: False
Use ddim sampler
Data shape for DDIM sampling is (1, 8, 216, 20), eta 1.0
Running DDIM Sampling with 200 timesteps
Non-fatal Warning [dataset.py]: The wav path " wavs/LJ041-0134.wav " is not find in the metadata. Use empty waveform instead. This is normal in the inference process.
Given pitch_sketch: True | Given energy_sketch: True
Given pitch: False | Given energy: False | Given phoneme_duration: False
Use ddim sampler
Data shape for DDIM sampling is (1, 8, 216, 20), eta 1.0
Running DDIM Sampling with 200 timesteps
Non-fatal Warning [dataset.py]: The wav path " wavs/LJ046-0114.wav " is not find in the metadata. Use empty waveform instead. This is normal in the inference process.
Given pitch_sketch: True | Given energy_sketch: True
Given pitch: False | Given energy: False | Given phoneme_duration: False
Use ddim sampler
Data shape for DDIM sampling is (1, 8, 216, 20), eta 1.0
Running DDIM Sampling with 200 timesteps
Non-fatal Warning [dataset.py]: The wav path " wavs/LJ047-0093.wav " is not find in the metadata. Use empty waveform instead. This is normal in the inference process.
Given pitch_sketch: True | Given energy_sketch: True
Given pitch: False | Given energy: False | Given phoneme_duration: False
Use ddim sampler
Data shape for DDIM sampling is (1, 8, 216, 20), eta 1.0
Running DDIM Sampling with 200 timesteps
Non-fatal Warning [dataset.py]: The wav path " wavs/LJ010-0066.wav " is not find in the metadata. Use empty waveform instead. This is normal in the inference process.
Given pitch_sketch: True | Given energy_sketch: True
Given pitch: False | Given energy: False | Given phoneme_duration: False
Use ddim sampler
Data shape for DDIM sampling is (1, 8, 216, 20), eta 1.0
Running DDIM Sampling with 200 timesteps
Non-fatal Warning [dataset.py]: The wav path " wavs/LJ032-0158.wav " is not find in the metadata. Use empty waveform instead. This is normal in the inference process.
Given pitch_sketch: True | Given energy_sketch: True
Given pitch: False | Given energy: False | Given phoneme_duration: False
Use ddim sampler
Data shape for DDIM sampling is (1, 8, 216, 20), eta 1.0
Running DDIM Sampling with 200 timesteps
Non-fatal Warning [dataset.py]: The wav path " wavs/LJ041-0136.wav " is not find in the metadata. Use empty waveform instead. This is normal in the inference process.
Given pitch_sketch: True | Given energy_sketch: True
Given pitch: False | Given energy: False | Given phoneme_duration: False
Use ddim sampler
Data shape for DDIM sampling is (1, 8, 216, 20), eta 1.0
Running DDIM Sampling with 200 timesteps
Non-fatal Warning [dataset.py]: The wav path " wavs/LJ048-0132.wav " is not find in the metadata. Use empty waveform instead. This is normal in the inference process.
Given pitch_sketch: True | Given energy_sketch: True
Given pitch: False | Given energy: False | Given phoneme_duration: False
Use ddim sampler
Data shape for DDIM sampling is (1, 8, 216, 20), eta 1.0
Running DDIM Sampling with 200 timesteps
Non-fatal Warning [dataset.py]: The wav path " wavs/LJ038-0207.wav " is not find in the metadata. Use empty waveform instead. This is normal in the inference process.
Given pitch_sketch: True | Given energy_sketch: True
Given pitch: False | Given energy: False | Given phoneme_duration: False
Use ddim sampler
Data shape for DDIM sampling is (1, 8, 216, 20), eta 1.0
Running DDIM Sampling with 200 timesteps
Non-fatal Warning [dataset.py]: The wav path " wavs/LJ012-0226.wav " is not find in the metadata. Use empty waveform instead. This is normal in the inference process.
Given pitch_sketch: True | Given energy_sketch: True
Given pitch: False | Given energy: False | Given phoneme_duration: False
Use ddim sampler
Data shape for DDIM sampling is (1, 8, 216, 20), eta 1.0
Running DDIM Sampling with 200 timesteps
Non-fatal Warning [dataset.py]: The wav path " wavs/LJ015-0276.wav " is not find in the metadata. Use empty waveform instead. This is normal in the inference process.
Given pitch_sketch: True | Given energy_sketch: True
Given pitch: False | Given energy: False | Given phoneme_duration: False
Use ddim sampler
Data shape for DDIM sampling is (1, 8, 216, 20), eta 1.0
Running DDIM Sampling with 200 timesteps
Non-fatal Warning [dataset.py]: The wav path " wavs/LJ037-0210.wav " is not find in the metadata. Use empty waveform instead. This is normal in the inference process.
Given pitch_sketch: True | Given energy_sketch: True
Given pitch: False | Given energy: False | Given phoneme_duration: False
Use ddim sampler
Data shape for DDIM sampling is (1, 8, 216, 20), eta 1.0
Running DDIM Sampling with 200 timesteps
Non-fatal Warning [dataset.py]: The wav path " wavs/LJ005-0011.wav " is not find in the metadata. Use empty waveform instead. This is normal in the inference process.
Given pitch_sketch: True | Given energy_sketch: True
Given pitch: False | Given energy: False | Given phoneme_duration: False
Use ddim sampler
Data shape for DDIM sampling is (1, 8, 216, 20), eta 1.0
Running DDIM Sampling with 200 timesteps
Non-fatal Warning [dataset.py]: The wav path " wavs/LJ042-0185.wav " is not find in the metadata. Use empty waveform instead. This is normal in the inference process.
Given pitch_sketch: True | Given energy_sketch: True
Given pitch: False | Given energy: False | Given phoneme_duration: False
Use ddim sampler
Data shape for DDIM sampling is (1, 8, 216, 20), eta 1.0
Running DDIM Sampling with 200 timesteps
Non-fatal Warning [dataset.py]: The wav path " wavs/LJ049-0199.wav " is not find in the metadata. Use empty waveform instead. This is normal in the inference process.
Given pitch_sketch: True | Given energy_sketch: True
Given pitch: False | Given energy: False | Given phoneme_duration: False
Use ddim sampler
Data shape for DDIM sampling is (1, 8, 216, 20), eta 1.0
Running DDIM Sampling with 200 timesteps
Non-fatal Warning [dataset.py]: The wav path " wavs/LJ024-0013.wav " is not find in the metadata. Use empty waveform instead. This is normal in the inference process.
Given pitch_sketch: True | Given energy_sketch: True
Given pitch: False | Given energy: False | Given phoneme_duration: False
Use ddim sampler
Data shape for DDIM sampling is (1, 8, 216, 20), eta 1.0
Running DDIM Sampling with 200 timesteps
Non-fatal Warning [dataset.py]: The wav path " wavs/LJ049-0144.wav " is not find in the metadata. Use empty waveform instead. This is normal in the inference process.
Given pitch_sketch: True | Given energy_sketch: True
Given pitch: False | Given energy: False | Given phoneme_duration: False
Use ddim sampler
Data shape for DDIM sampling is (1, 8, 216, 20), eta 1.0
Running DDIM Sampling with 200 timesteps
Non-fatal Warning [dataset.py]: The wav path " wavs/LJ009-0009.wav " is not find in the metadata. Use empty waveform instead. This is normal in the inference process.
Given pitch_sketch: True | Given energy_sketch: True
Given pitch: False | Given energy: False | Given phoneme_duration: False
Use ddim sampler
Data shape for DDIM sampling is (1, 8, 216, 20), eta 1.0
Running DDIM Sampling with 200 timesteps
Non-fatal Warning [dataset.py]: The wav path " wavs/LJ021-0022.wav " is not find in the metadata. Use empty waveform instead. This is normal in the inference process.
Given pitch_sketch: True | Given energy_sketch: True
Given pitch: False | Given energy: False | Given phoneme_duration: False
Use ddim sampler
Data shape for DDIM sampling is (1, 8, 216, 20), eta 1.0
Running DDIM Sampling with 200 timesteps
Non-fatal Warning [dataset.py]: The wav path " wavs/LJ003-0193.wav " is not find in the metadata. Use empty waveform instead. This is normal in the inference process.
Given pitch_sketch: True | Given energy_sketch: True
Given pitch: False | Given energy: False | Given phoneme_duration: False
Use ddim sampler
Data shape for DDIM sampling is (1, 8, 216, 20), eta 1.0
Running DDIM Sampling with 200 timesteps
Non-fatal Warning [dataset.py]: The wav path " wavs/LJ035-0129.wav " is not find in the metadata. Use empty waveform instead. This is normal in the inference process.
Given pitch_sketch: True | Given energy_sketch: True
Given pitch: False | Given energy: False | Given phoneme_duration: False
Use ddim sampler
Data shape for DDIM sampling is (1, 8, 216, 20), eta 1.0
Running DDIM Sampling with 200 timesteps
Non-fatal Warning [dataset.py]: The wav path " wavs/LJ029-0088.wav " is not find in the metadata. Use empty waveform instead. This is normal in the inference process.
Given pitch_sketch: True | Given energy_sketch: True
Given pitch: False | Given energy: False | Given phoneme_duration: False
Use ddim sampler
Data shape for DDIM sampling is (1, 8, 216, 20), eta 1.0
Running DDIM Sampling with 200 timesteps
Non-fatal Warning [dataset.py]: The wav path " wavs/LJ049-0130.wav " is not find in the metadata. Use empty waveform instead. This is normal in the inference process.
Given pitch_sketch: True | Given energy_sketch: True
Given pitch: False | Given energy: False | Given phoneme_duration: False
Use ddim sampler
Data shape for DDIM sampling is (1, 8, 216, 20), eta 1.0
Running DDIM Sampling with 200 timesteps
Non-fatal Warning [dataset.py]: The wav path " wavs/LJ017-0281.wav " is not find in the metadata. Use empty waveform instead. This is normal in the inference process.
Given pitch_sketch: True | Given energy_sketch: True
Given pitch: False | Given energy: False | Given phoneme_duration: False
Use ddim sampler
Data shape for DDIM sampling is (1, 8, 216, 20), eta 1.0
Running DDIM Sampling with 200 timesteps
Non-fatal Warning [dataset.py]: The wav path " wavs/LJ032-0272.wav " is not find in the metadata. Use empty waveform instead. This is normal in the inference process.
Given pitch_sketch: True | Given energy_sketch: True
Given pitch: False | Given energy: False | Given phoneme_duration: False
Use ddim sampler
Data shape for DDIM sampling is (1, 8, 216, 20), eta 1.0
Running DDIM Sampling with 200 timesteps
Non-fatal Warning [dataset.py]: The wav path " wavs/LJ027-0015.wav " is not find in the metadata. Use empty waveform instead. This is normal in the inference process.
Given pitch_sketch: True | Given energy_sketch: True
Given pitch: False | Given energy: False | Given phoneme_duration: False
Use ddim sampler
Data shape for DDIM sampling is (1, 8, 216, 20), eta 1.0
Running DDIM Sampling with 200 timesteps
Non-fatal Warning [dataset.py]: The wav path " wavs/LJ042-0148.wav " is not find in the metadata. Use empty waveform instead. This is normal in the inference process.
Given pitch_sketch: True | Given energy_sketch: True
Given pitch: False | Given energy: False | Given phoneme_duration: False
Use ddim sampler
Data shape for DDIM sampling is (1, 8, 216, 20), eta 1.0
Running DDIM Sampling with 200 timesteps
Non-fatal Warning [dataset.py]: The wav path " wavs/LJ017-0186.wav " is not find in the metadata. Use empty waveform instead. This is normal in the inference process.
Given pitch_sketch: True | Given energy_sketch: True
Given pitch: False | Given energy: False | Given phoneme_duration: False
Use ddim sampler
Data shape for DDIM sampling is (1, 8, 216, 20), eta 1.0
Running DDIM Sampling with 200 timesteps
Non-fatal Warning [dataset.py]: The wav path " wavs/LJ049-0222.wav " is not find in the metadata. Use empty waveform instead. This is normal in the inference process.
Given pitch_sketch: True | Given energy_sketch: True
Given pitch: False | Given energy: False | Given phoneme_duration: False
Use ddim sampler
Data shape for DDIM sampling is (1, 8, 216, 20), eta 1.0
Running DDIM Sampling with 200 timesteps
Non-fatal Warning [dataset.py]: The wav path " wavs/LJ010-0037.wav " is not find in the metadata. Use empty waveform instead. This is normal in the inference process.
Given pitch_sketch: True | Given energy_sketch: True
Given pitch: False | Given energy: False | Given phoneme_duration: False
Use ddim sampler
Data shape for DDIM sampling is (1, 8, 216, 20), eta 1.0
Running DDIM Sampling with 200 timesteps
Non-fatal Warning [dataset.py]: The wav path " wavs/LJ019-0240.wav " is not find in the metadata. Use empty waveform instead. This is normal in the inference process.
Given pitch_sketch: True | Given energy_sketch: True
Given pitch: False | Given energy: False | Given phoneme_duration: False
Use ddim sampler
Data shape for DDIM sampling is (1, 8, 216, 20), eta 1.0
Running DDIM Sampling with 200 timesteps
Non-fatal Warning [dataset.py]: The wav path " wavs/LJ008-0162.wav " is not find in the metadata. Use empty waveform instead. This is normal in the inference process.
Given pitch_sketch: True | Given energy_sketch: True
Given pitch: False | Given energy: False | Given phoneme_duration: False
Use ddim sampler
Data shape for DDIM sampling is (1, 8, 216, 20), eta 1.0
Running DDIM Sampling with 200 timesteps
Non-fatal Warning [dataset.py]: The wav path " wavs/LJ012-0092.wav " is not find in the metadata. Use empty waveform instead. This is normal in the inference process.
Given pitch_sketch: True | Given energy_sketch: True
Given pitch: False | Given energy: False | Given phoneme_duration: False
Use ddim sampler
Data shape for DDIM sampling is (1, 8, 216, 20), eta 1.0
Running DDIM Sampling with 200 timesteps
Non-fatal Warning [dataset.py]: The wav path " wavs/LJ029-0087.wav " is not find in the metadata. Use empty waveform instead. This is normal in the inference process.
Given pitch_sketch: True | Given energy_sketch: True
Given pitch: False | Given energy: False | Given phoneme_duration: False
Use ddim sampler
Data shape for DDIM sampling is (1, 8, 216, 20), eta 1.0
Running DDIM Sampling with 200 timesteps
Non-fatal Warning [dataset.py]: The wav path " wavs/LJ046-0141.wav " is not find in the metadata. Use empty waveform instead. This is normal in the inference process.
Given pitch_sketch: True | Given energy_sketch: True
Given pitch: False | Given energy: False | Given phoneme_duration: False
Use ddim sampler
Data shape for DDIM sampling is (1, 8, 216, 20), eta 1.0
Running DDIM Sampling with 200 timesteps
Non-fatal Warning [dataset.py]: The wav path " wavs/LJ005-0145.wav " is not find in the metadata. Use empty waveform instead. This is normal in the inference process.
Given pitch_sketch: True | Given energy_sketch: True
Given pitch: False | Given energy: False | Given phoneme_duration: False
Use ddim sampler
Data shape for DDIM sampling is (1, 8, 216, 20), eta 1.0
Running DDIM Sampling with 200 timesteps
Non-fatal Warning [dataset.py]: The wav path " wavs/LJ019-0343.wav " is not find in the metadata. Use empty waveform instead. This is normal in the inference process.
Given pitch_sketch: True | Given energy_sketch: True
Given pitch: False | Given energy: False | Given phoneme_duration: False
Use ddim sampler
Data shape for DDIM sampling is (1, 8, 216, 20), eta 1.0
Running DDIM Sampling with 200 timesteps
Non-fatal Warning [dataset.py]: The wav path " wavs/LJ047-0007.wav " is not find in the metadata. Use empty waveform instead. This is normal in the inference process.
Given pitch_sketch: True | Given energy_sketch: True
Given pitch: False | Given energy: False | Given phoneme_duration: False
Use ddim sampler
Data shape for DDIM sampling is (1, 8, 216, 20), eta 1.0
Running DDIM Sampling with 200 timesteps
Non-fatal Warning [dataset.py]: The wav path " wavs/LJ025-0004.wav " is not find in the metadata. Use empty waveform instead. This is normal in the inference process.
Given pitch_sketch: True | Given energy_sketch: True
Given pitch: False | Given energy: False | Given phoneme_duration: False
Use ddim sampler
Data shape for DDIM sampling is (1, 8, 216, 20), eta 1.0
Running DDIM Sampling with 200 timesteps
Non-fatal Warning [dataset.py]: The wav path " wavs/LJ009-0156.wav " is not find in the metadata. Use empty waveform instead. This is normal in the inference process.
Given pitch_sketch: True | Given energy_sketch: True
Given pitch: False | Given energy: False | Given phoneme_duration: False
Use ddim sampler
Data shape for DDIM sampling is (1, 8, 216, 20), eta 1.0
Running DDIM Sampling with 200 timesteps
Non-fatal Warning [dataset.py]: The wav path " wavs/LJ026-0003.wav " is not find in the metadata. Use empty waveform instead. This is normal in the inference process.
Given pitch_sketch: True | Given energy_sketch: True
Given pitch: False | Given energy: False | Given phoneme_duration: False
Use ddim sampler
Data shape for DDIM sampling is (1, 8, 216, 20), eta 1.0
Running DDIM Sampling with 200 timesteps
Non-fatal Warning [dataset.py]: The wav path " wavs/LJ007-0158.wav " is not find in the metadata. Use empty waveform instead. This is normal in the inference process.
Given pitch_sketch: True | Given energy_sketch: True
Given pitch: False | Given energy: False | Given phoneme_duration: False
Use ddim sampler
Data shape for DDIM sampling is (1, 8, 216, 20), eta 1.0
Running DDIM Sampling with 200 timesteps
Non-fatal Warning [dataset.py]: The wav path " wavs/LJ023-0119.wav " is not find in the metadata. Use empty waveform instead. This is normal in the inference process.
Given pitch_sketch: True | Given energy_sketch: True
Given pitch: False | Given energy: False | Given phoneme_duration: False
Use ddim sampler
Data shape for DDIM sampling is (1, 8, 216, 20), eta 1.0
Running DDIM Sampling with 200 timesteps
Non-fatal Warning [dataset.py]: The wav path " wavs/LJ022-0023.wav " is not find in the metadata. Use empty waveform instead. This is normal in the inference process.
Given pitch_sketch: True | Given energy_sketch: True
Given pitch: False | Given energy: False | Given phoneme_duration: False
Use ddim sampler
Data shape for DDIM sampling is (1, 8, 216, 20), eta 1.0
Running DDIM Sampling with 200 timesteps
Non-fatal Warning [dataset.py]: The wav path " wavs/LJ012-0200.wav " is not find in the metadata. Use empty waveform instead. This is normal in the inference process.
Given pitch_sketch: True | Given energy_sketch: True
Given pitch: False | Given energy: False | Given phoneme_duration: False
Use ddim sampler
Data shape for DDIM sampling is (1, 8, 216, 20), eta 1.0
Running DDIM Sampling with 200 timesteps
Non-fatal Warning [dataset.py]: The wav path " wavs/LJ007-0176.wav " is not find in the metadata. Use empty waveform instead. This is normal in the inference process.
Given pitch_sketch: True | Given energy_sketch: True
Given pitch: False | Given energy: False | Given phoneme_duration: False
Use ddim sampler
Data shape for DDIM sampling is (1, 8, 216, 20), eta 1.0
Running DDIM Sampling with 200 timesteps
Non-fatal Warning [dataset.py]: The wav path " wavs/LJ042-0209.wav " is not find in the metadata. Use empty waveform instead. This is normal in the inference process.
Given pitch_sketch: True | Given energy_sketch: True
Given pitch: False | Given energy: False | Given phoneme_duration: False
Use ddim sampler
Data shape for DDIM sampling is (1, 8, 216, 20), eta 1.0
Running DDIM Sampling with 200 timesteps
Non-fatal Warning [dataset.py]: The wav path " wavs/LJ014-0194.wav " is not find in the metadata. Use empty waveform instead. This is normal in the inference process.
Given pitch_sketch: True | Given energy_sketch: True
Given pitch: False | Given energy: False | Given phoneme_duration: False
Use ddim sampler
Data shape for DDIM sampling is (1, 8, 216, 20), eta 1.0
Running DDIM Sampling with 200 timesteps
Non-fatal Warning [dataset.py]: The wav path " wavs/LJ025-0045.wav " is not find in the metadata. Use empty waveform instead. This is normal in the inference process.
Given pitch_sketch: True | Given energy_sketch: True
Given pitch: False | Given energy: False | Given phoneme_duration: False
Use ddim sampler
Data shape for DDIM sampling is (1, 8, 216, 20), eta 1.0
Running DDIM Sampling with 200 timesteps
Non-fatal Warning [dataset.py]: The wav path " wavs/LJ010-0079.wav " is not find in the metadata. Use empty waveform instead. This is normal in the inference process.
Given pitch_sketch: True | Given energy_sketch: True
Given pitch: False | Given energy: False | Given phoneme_duration: False
Use ddim sampler
Data shape for DDIM sampling is (1, 8, 216, 20), eta 1.0
Running DDIM Sampling with 200 timesteps
Non-fatal Warning [dataset.py]: The wav path " wavs/LJ017-0262.wav " is not find in the metadata. Use empty waveform instead. This is normal in the inference process.
Given pitch_sketch: True | Given energy_sketch: True
Given pitch: False | Given energy: False | Given phoneme_duration: False
Use ddim sampler
Data shape for DDIM sampling is (1, 8, 216, 20), eta 1.0
Running DDIM Sampling with 200 timesteps
Non-fatal Warning [dataset.py]: The wav path " wavs/LJ021-0132.wav " is not find in the metadata. Use empty waveform instead. This is normal in the inference process.
Given pitch_sketch: True | Given energy_sketch: True
Given pitch: False | Given energy: False | Given phoneme_duration: False
Use ddim sampler
Data shape for DDIM sampling is (1, 8, 216, 20), eta 1.0
Running DDIM Sampling with 200 timesteps
Non-fatal Warning [dataset.py]: The wav path " wavs/LJ015-0266.wav " is not find in the metadata. Use empty waveform instead. This is normal in the inference process.
Given pitch_sketch: True | Given energy_sketch: True
Given pitch: False | Given energy: False | Given phoneme_duration: False
Use ddim sampler
Data shape for DDIM sampling is (1, 8, 216, 20), eta 1.0
Running DDIM Sampling with 200 timesteps
Non-fatal Warning [dataset.py]: The wav path " wavs/LJ048-0141.wav " is not find in the metadata. Use empty waveform instead. This is normal in the inference process.
Given pitch_sketch: True | Given energy_sketch: True
Given pitch: False | Given energy: False | Given phoneme_duration: False
Use ddim sampler
Data shape for DDIM sampling is (1, 8, 216, 20), eta 1.0
Running DDIM Sampling with 200 timesteps
Non-fatal Warning [dataset.py]: The wav path " wavs/LJ011-0114.wav " is not find in the metadata. Use empty waveform instead. This is normal in the inference process.
Given pitch_sketch: True | Given energy_sketch: True
Given pitch: False | Given energy: False | Given phoneme_duration: False
Use ddim sampler
Data shape for DDIM sampling is (1, 8, 216, 20), eta 1.0
Running DDIM Sampling with 200 timesteps
Non-fatal Warning [dataset.py]: The wav path " wavs/LJ003-0269.wav " is not find in the metadata. Use empty waveform instead. This is normal in the inference process.
Given pitch_sketch: True | Given energy_sketch: True
Given pitch: False | Given energy: False | Given phoneme_duration: False
Use ddim sampler
Data shape for DDIM sampling is (1, 8, 216, 20), eta 1.0
Running DDIM Sampling with 200 timesteps
Non-fatal Warning [dataset.py]: The wav path " wavs/LJ028-0179.wav " is not find in the metadata. Use empty waveform instead. This is normal in the inference process.
Given pitch_sketch: True | Given energy_sketch: True
Given pitch: False | Given energy: False | Given phoneme_duration: False
Use ddim sampler
Data shape for DDIM sampling is (1, 8, 216, 20), eta 1.0
Running DDIM Sampling with 200 timesteps
Non-fatal Warning [dataset.py]: The wav path " wavs/LJ003-0252.wav " is not find in the metadata. Use empty waveform instead. This is normal in the inference process.
Given pitch_sketch: True | Given energy_sketch: True
Given pitch: False | Given energy: False | Given phoneme_duration: False
Use ddim sampler
Data shape for DDIM sampling is (1, 8, 216, 20), eta 1.0
Running DDIM Sampling with 200 timesteps
Non-fatal Warning [dataset.py]: The wav path " wavs/LJ042-0115.wav " is not find in the metadata. Use empty waveform instead. This is normal in the inference process.
Given pitch_sketch: True | Given energy_sketch: True
Given pitch: False | Given energy: False | Given phoneme_duration: False
Use ddim sampler
Data shape for DDIM sampling is (1, 8, 216, 20), eta 1.0
Running DDIM Sampling with 200 timesteps
Non-fatal Warning [dataset.py]: The wav path " wavs/LJ015-0261.wav " is not find in the metadata. Use empty waveform instead. This is normal in the inference process.
Given pitch_sketch: True | Given energy_sketch: True
Given pitch: False | Given energy: False | Given phoneme_duration: False
Use ddim sampler
Data shape for DDIM sampling is (1, 8, 216, 20), eta 1.0
Running DDIM Sampling with 200 timesteps
Non-fatal Warning [dataset.py]: The wav path " wavs/LJ041-0097.wav " is not find in the metadata. Use empty waveform instead. This is normal in the inference process.
Given pitch_sketch: True | Given energy_sketch: True
Given pitch: False | Given energy: False | Given phoneme_duration: False
Use ddim sampler
Data shape for DDIM sampling is (1, 8, 216, 20), eta 1.0
Running DDIM Sampling with 200 timesteps
Non-fatal Warning [dataset.py]: The wav path " wavs/LJ010-0220.wav " is not find in the metadata. Use empty waveform instead. This is normal in the inference process.
Given pitch_sketch: True | Given energy_sketch: True
Given pitch: False | Given energy: False | Given phoneme_duration: False
Use ddim sampler
Data shape for DDIM sampling is (1, 8, 216, 20), eta 1.0
Running DDIM Sampling with 200 timesteps
Non-fatal Warning [dataset.py]: The wav path " wavs/LJ032-0160.wav " is not find in the metadata. Use empty waveform instead. This is normal in the inference process.
Given pitch_sketch: True | Given energy_sketch: True
Given pitch: False | Given energy: False | Given phoneme_duration: False
Use ddim sampler
Data shape for DDIM sampling is (1, 8, 216, 20), eta 1.0
Running DDIM Sampling with 200 timesteps
Non-fatal Warning [dataset.py]: The wav path " wavs/LJ010-0096.wav " is not find in the metadata. Use empty waveform instead. This is normal in the inference process.
Given pitch_sketch: True | Given energy_sketch: True
Given pitch: False | Given energy: False | Given phoneme_duration: False
Use ddim sampler
Data shape for DDIM sampling is (1, 8, 216, 20), eta 1.0
Running DDIM Sampling with 200 timesteps
Non-fatal Warning [dataset.py]: The wav path " wavs/LJ014-0282.wav " is not find in the metadata. Use empty waveform instead. This is normal in the inference process.
Given pitch_sketch: True | Given energy_sketch: True
Given pitch: False | Given energy: False | Given phoneme_duration: False
Use ddim sampler
Data shape for DDIM sampling is (1, 8, 216, 20), eta 1.0
Running DDIM Sampling with 200 timesteps
Non-fatal Warning [dataset.py]: The wav path " wavs/LJ036-0016.wav " is not find in the metadata. Use empty waveform instead. This is normal in the inference process.
Given pitch_sketch: True | Given energy_sketch: True
Given pitch: False | Given energy: False | Given phoneme_duration: False
Use ddim sampler
Data shape for DDIM sampling is (1, 8, 216, 20), eta 1.0
Running DDIM Sampling with 200 timesteps
Non-fatal Warning [dataset.py]: The wav path " wavs/LJ011-0272.wav " is not find in the metadata. Use empty waveform instead. This is normal in the inference process.
Given pitch_sketch: True | Given energy_sketch: True
Given pitch: False | Given energy: False | Given phoneme_duration: False
Use ddim sampler
Data shape for DDIM sampling is (1, 8, 216, 20), eta 1.0
Running DDIM Sampling with 200 timesteps
Non-fatal Warning [dataset.py]: The wav path " wavs/LJ014-0302.wav " is not find in the metadata. Use empty waveform instead. This is normal in the inference process.
Given pitch_sketch: True | Given energy_sketch: True
Given pitch: False | Given energy: False | Given phoneme_duration: False
Use ddim sampler
Data shape for DDIM sampling is (1, 8, 216, 20), eta 1.0
Running DDIM Sampling with 200 timesteps
Non-fatal Warning [dataset.py]: The wav path " wavs/LJ003-0273.wav " is not find in the metadata. Use empty waveform instead. This is normal in the inference process.
Given pitch_sketch: True | Given energy_sketch: True
Given pitch: False | Given energy: False | Given phoneme_duration: False
Use ddim sampler
Data shape for DDIM sampling is (1, 8, 216, 20), eta 1.0
Running DDIM Sampling with 200 timesteps
Non-fatal Warning [dataset.py]: The wav path " wavs/LJ043-0129.wav " is not find in the metadata. Use empty waveform instead. This is normal in the inference process.
Given pitch_sketch: True | Given energy_sketch: True
Given pitch: False | Given energy: False | Given phoneme_duration: False
Use ddim sampler
Data shape for DDIM sampling is (1, 8, 216, 20), eta 1.0
Running DDIM Sampling with 200 timesteps
Non-fatal Warning [dataset.py]: The wav path " wavs/LJ031-0147.wav " is not find in the metadata. Use empty waveform instead. This is normal in the inference process.
Given pitch_sketch: True | Given energy_sketch: True
Given pitch: False | Given energy: False | Given phoneme_duration: False
Use ddim sampler
Data shape for DDIM sampling is (1, 8, 216, 20), eta 1.0
Running DDIM Sampling with 200 timesteps
Non-fatal Warning [dataset.py]: The wav path " wavs/LJ040-0200.wav " is not find in the metadata. Use empty waveform instead. This is normal in the inference process.
Given pitch_sketch: True | Given energy_sketch: True
Given pitch: False | Given energy: False | Given phoneme_duration: False
Use ddim sampler
Data shape for DDIM sampling is (1, 8, 216, 20), eta 1.0
Running DDIM Sampling with 200 timesteps
Non-fatal Warning [dataset.py]: The wav path " wavs/LJ006-0050.wav " is not find in the metadata. Use empty waveform instead. This is normal in the inference process.
Given pitch_sketch: True | Given energy_sketch: True
Given pitch: False | Given energy: False | Given phoneme_duration: False
Use ddim sampler
Data shape for DDIM sampling is (1, 8, 216, 20), eta 1.0
Running DDIM Sampling with 200 timesteps
Non-fatal Warning [dataset.py]: The wav path " wavs/LJ014-0184.wav " is not find in the metadata. Use empty waveform instead. This is normal in the inference process.
Given pitch_sketch: True | Given energy_sketch: True
Given pitch: False | Given energy: False | Given phoneme_duration: False
Use ddim sampler
Data shape for DDIM sampling is (1, 8, 216, 20), eta 1.0
Running DDIM Sampling with 200 timesteps
Non-fatal Warning [dataset.py]: The wav path " wavs/LJ029-0040.wav " is not find in the metadata. Use empty waveform instead. This is normal in the inference process.
Given pitch_sketch: True | Given energy_sketch: True
Given pitch: False | Given energy: False | Given phoneme_duration: False
Use ddim sampler
Data shape for DDIM sampling is (1, 8, 216, 20), eta 1.0
Running DDIM Sampling with 200 timesteps
Non-fatal Warning [dataset.py]: The wav path " wavs/LJ038-0228.wav " is not find in the metadata. Use empty waveform instead. This is normal in the inference process.
Given pitch_sketch: True | Given energy_sketch: True
Given pitch: False | Given energy: False | Given phoneme_duration: False
Use ddim sampler
Data shape for DDIM sampling is (1, 8, 216, 20), eta 1.0
Running DDIM Sampling with 200 timesteps
Non-fatal Warning [dataset.py]: The wav path " wavs/LJ045-0046.wav " is not find in the metadata. Use empty waveform instead. This is normal in the inference process.
Given pitch_sketch: True | Given energy_sketch: True
Given pitch: False | Given energy: False | Given phoneme_duration: False
Use ddim sampler
Data shape for DDIM sampling is (1, 8, 216, 20), eta 1.0
Running DDIM Sampling with 200 timesteps
Non-fatal Warning [dataset.py]: The wav path " wavs/LJ047-0070.wav " is not find in the metadata. Use empty waveform instead. This is normal in the inference process.
Given pitch_sketch: True | Given energy_sketch: True
Given pitch: False | Given energy: False | Given phoneme_duration: False
Use ddim sampler
Data shape for DDIM sampling is (1, 8, 216, 20), eta 1.0
Running DDIM Sampling with 200 timesteps
Non-fatal Warning [dataset.py]: The wav path " wavs/LJ040-0054.wav " is not find in the metadata. Use empty waveform instead. This is normal in the inference process.
Given pitch_sketch: True | Given energy_sketch: True
Given pitch: False | Given energy: False | Given phoneme_duration: False
Use ddim sampler
Data shape for DDIM sampling is (1, 8, 216, 20), eta 1.0
Running DDIM Sampling with 200 timesteps
Non-fatal Warning [dataset.py]: The wav path " wavs/LJ017-0041.wav " is not find in the metadata. Use empty waveform instead. This is normal in the inference process.
Given pitch_sketch: True | Given energy_sketch: True
Given pitch: False | Given energy: False | Given phoneme_duration: False
Use ddim sampler
Data shape for DDIM sampling is (1, 8, 216, 20), eta 1.0
Running DDIM Sampling with 200 timesteps
Non-fatal Warning [dataset.py]: The wav path " wavs/LJ018-0236.wav " is not find in the metadata. Use empty waveform instead. This is normal in the inference process.
Given pitch_sketch: True | Given energy_sketch: True
Given pitch: False | Given energy: False | Given phoneme_duration: False
Use ddim sampler
Data shape for DDIM sampling is (1, 8, 216, 20), eta 1.0
Running DDIM Sampling with 200 timesteps
Non-fatal Warning [dataset.py]: The wav path " wavs/LJ046-0139.wav " is not find in the metadata. Use empty waveform instead. This is normal in the inference process.
Given pitch_sketch: True | Given energy_sketch: True
Given pitch: False | Given energy: False | Given phoneme_duration: False
Use ddim sampler
Data shape for DDIM sampling is (1, 8, 216, 20), eta 1.0
Running DDIM Sampling with 200 timesteps
Non-fatal Warning [dataset.py]: The wav path " wavs/LJ036-0111.wav " is not find in the metadata. Use empty waveform instead. This is normal in the inference process.
Given pitch_sketch: True | Given energy_sketch: True
Given pitch: False | Given energy: False | Given phoneme_duration: False
Use ddim sampler
Data shape for DDIM sampling is (1, 8, 216, 20), eta 1.0
Running DDIM Sampling with 200 timesteps
Non-fatal Warning [dataset.py]: The wav path " wavs/LJ047-0229.wav " is not find in the metadata. Use empty waveform instead. This is normal in the inference process.
Given pitch_sketch: True | Given energy_sketch: True
Given pitch: False | Given energy: False | Given phoneme_duration: False
Use ddim sampler
Data shape for DDIM sampling is (1, 8, 216, 20), eta 1.0
Running DDIM Sampling with 200 timesteps
Non-fatal Warning [dataset.py]: The wav path " wavs/LJ007-0059.wav " is not find in the metadata. Use empty waveform instead. This is normal in the inference process.
Given pitch_sketch: True | Given energy_sketch: True
Given pitch: False | Given energy: False | Given phoneme_duration: False
Use ddim sampler
Data shape for DDIM sampling is (1, 8, 216, 20), eta 1.0
Running DDIM Sampling with 200 timesteps
Non-fatal Warning [dataset.py]: The wav path " wavs/LJ035-0045.wav " is not find in the metadata. Use empty waveform instead. This is normal in the inference process.
Given pitch_sketch: True | Given energy_sketch: True
Given pitch: False | Given energy: False | Given phoneme_duration: False
Use ddim sampler
Data shape for DDIM sampling is (1, 8, 216, 20), eta 1.0
Running DDIM Sampling with 200 timesteps
Non-fatal Warning [dataset.py]: The wav path " wavs/LJ021-0158.wav " is not find in the metadata. Use empty waveform instead. This is normal in the inference process.
Given pitch_sketch: True | Given energy_sketch: True
Given pitch: False | Given energy: False | Given phoneme_duration: False
Use ddim sampler
Data shape for DDIM sampling is (1, 8, 216, 20), eta 1.0
Running DDIM Sampling with 200 timesteps
Non-fatal Warning [dataset.py]: The wav path " wavs/LJ034-0003.wav " is not find in the metadata. Use empty waveform instead. This is normal in the inference process.
Given pitch_sketch: True | Given energy_sketch: True
Given pitch: False | Given energy: False | Given phoneme_duration: False
Use ddim sampler
Data shape for DDIM sampling is (1, 8, 216, 20), eta 1.0
Running DDIM Sampling with 200 timesteps
Non-fatal Warning [dataset.py]: The wav path " wavs/LJ030-0168.wav " is not find in the metadata. Use empty waveform instead. This is normal in the inference process.
Given pitch_sketch: True | Given energy_sketch: True
Given pitch: False | Given energy: False | Given phoneme_duration: False
Use ddim sampler
Data shape for DDIM sampling is (1, 8, 216, 20), eta 1.0
Running DDIM Sampling with 200 timesteps
Non-fatal Warning [dataset.py]: The wav path " wavs/LJ002-0012.wav " is not find in the metadata. Use empty waveform instead. This is normal in the inference process.
Given pitch_sketch: True | Given energy_sketch: True
Given pitch: False | Given energy: False | Given phoneme_duration: False
Use ddim sampler
Data shape for DDIM sampling is (1, 8, 216, 20), eta 1.0
Running DDIM Sampling with 200 timesteps
Non-fatal Warning [dataset.py]: The wav path " wavs/LJ031-0184.wav " is not find in the metadata. Use empty waveform instead. This is normal in the inference process.
Given pitch_sketch: True | Given energy_sketch: True
Given pitch: False | Given energy: False | Given phoneme_duration: False
Use ddim sampler
Data shape for DDIM sampling is (1, 8, 216, 20), eta 1.0
Running DDIM Sampling with 200 timesteps
Non-fatal Warning [dataset.py]: The wav path " wavs/LJ012-0169.wav " is not find in the metadata. Use empty waveform instead. This is normal in the inference process.
Given pitch_sketch: True | Given energy_sketch: True
Given pitch: False | Given energy: False | Given phoneme_duration: False
Use ddim sampler
Data shape for DDIM sampling is (1, 8, 216, 20), eta 1.0
Running DDIM Sampling with 200 timesteps
Non-fatal Warning [dataset.py]: The wav path " wavs/LJ019-0137.wav " is not find in the metadata. Use empty waveform instead. This is normal in the inference process.
Given pitch_sketch: True | Given energy_sketch: True
Given pitch: False | Given energy: False | Given phoneme_duration: False
Use ddim sampler
Data shape for DDIM sampling is (1, 8, 216, 20), eta 1.0
Running DDIM Sampling with 200 timesteps
Non-fatal Warning [dataset.py]: The wav path " wavs/LJ041-0028.wav " is not find in the metadata. Use empty waveform instead. This is normal in the inference process.
Given pitch_sketch: True | Given energy_sketch: True
Given pitch: False | Given energy: False | Given phoneme_duration: False
Use ddim sampler
Data shape for DDIM sampling is (1, 8, 216, 20), eta 1.0
Running DDIM Sampling with 200 timesteps
Non-fatal Warning [dataset.py]: The wav path " wavs/LJ038-0088.wav " is not find in the metadata. Use empty waveform instead. This is normal in the inference process.
Given pitch_sketch: True | Given energy_sketch: True
Given pitch: False | Given energy: False | Given phoneme_duration: False
Use ddim sampler
Data shape for DDIM sampling is (1, 8, 216, 20), eta 1.0
Running DDIM Sampling with 200 timesteps
Non-fatal Warning [dataset.py]: The wav path " wavs/LJ048-0076.wav " is not find in the metadata. Use empty waveform instead. This is normal in the inference process.
Given pitch_sketch: True | Given energy_sketch: True
Given pitch: False | Given energy: False | Given phoneme_duration: False
Use ddim sampler
Data shape for DDIM sampling is (1, 8, 216, 20), eta 1.0
Running DDIM Sampling with 200 timesteps
Non-fatal Warning [dataset.py]: The wav path " wavs/LJ030-0218.wav " is not find in the metadata. Use empty waveform instead. This is normal in the inference process.
Given pitch_sketch: True | Given energy_sketch: True
Given pitch: False | Given energy: False | Given phoneme_duration: False
Use ddim sampler
Data shape for DDIM sampling is (1, 8, 216, 20), eta 1.0
Running DDIM Sampling with 200 timesteps
Non-fatal Warning [dataset.py]: The wav path " wavs/LJ034-0067.wav " is not find in the metadata. Use empty waveform instead. This is normal in the inference process.
Given pitch_sketch: True | Given energy_sketch: True
Given pitch: False | Given energy: False | Given phoneme_duration: False
Use ddim sampler
Data shape for DDIM sampling is (1, 8, 216, 20), eta 1.0
Running DDIM Sampling with 200 timesteps
Non-fatal Warning [dataset.py]: The wav path " wavs/LJ042-0002.wav " is not find in the metadata. Use empty waveform instead. This is normal in the inference process.
Given pitch_sketch: True | Given energy_sketch: True
Given pitch: False | Given energy: False | Given phoneme_duration: False
Use ddim sampler
Data shape for DDIM sampling is (1, 8, 216, 20), eta 1.0
Running DDIM Sampling with 200 timesteps
Non-fatal Warning [dataset.py]: The wav path " wavs/LJ028-0084.wav " is not find in the metadata. Use empty waveform instead. This is normal in the inference process.
Given pitch_sketch: True | Given energy_sketch: True
Given pitch: False | Given energy: False | Given phoneme_duration: False
Use ddim sampler
Data shape for DDIM sampling is (1, 8, 216, 20), eta 1.0
Running DDIM Sampling with 200 timesteps
Non-fatal Warning [dataset.py]: The wav path " wavs/LJ016-0103.wav " is not find in the metadata. Use empty waveform instead. This is normal in the inference process.
Given pitch_sketch: True | Given energy_sketch: True
Given pitch: False | Given energy: False | Given phoneme_duration: False
Use ddim sampler
Data shape for DDIM sampling is (1, 8, 216, 20), eta 1.0
Running DDIM Sampling with 200 timesteps
Non-fatal Warning [dataset.py]: The wav path " wavs/LJ030-0243.wav " is not find in the metadata. Use empty waveform instead. This is normal in the inference process.
Given pitch_sketch: True | Given energy_sketch: True
Given pitch: False | Given energy: False | Given phoneme_duration: False
Use ddim sampler
Data shape for DDIM sampling is (1, 8, 216, 20), eta 1.0
Running DDIM Sampling with 200 timesteps
Non-fatal Warning [dataset.py]: The wav path " wavs/LJ047-0035.wav " is not find in the metadata. Use empty waveform instead. This is normal in the inference process.
Given pitch_sketch: True | Given energy_sketch: True
Given pitch: False | Given energy: False | Given phoneme_duration: False
Use ddim sampler
Data shape for DDIM sampling is (1, 8, 216, 20), eta 1.0
Running DDIM Sampling with 200 timesteps
Non-fatal Warning [dataset.py]: The wav path " wavs/LJ009-0181.wav " is not find in the metadata. Use empty waveform instead. This is normal in the inference process.
Given pitch_sketch: True | Given energy_sketch: True
Given pitch: False | Given energy: False | Given phoneme_duration: False
Use ddim sampler
Data shape for DDIM sampling is (1, 8, 216, 20), eta 1.0
Running DDIM Sampling with 200 timesteps
Non-fatal Warning [dataset.py]: The wav path " wavs/LJ030-0106.wav " is not find in the metadata. Use empty waveform instead. This is normal in the inference process.
Given pitch_sketch: True | Given energy_sketch: True
Given pitch: False | Given energy: False | Given phoneme_duration: False
Use ddim sampler
Data shape for DDIM sampling is (1, 8, 216, 20), eta 1.0
Running DDIM Sampling with 200 timesteps
Non-fatal Warning [dataset.py]: The wav path " wavs/LJ013-0119.wav " is not find in the metadata. Use empty waveform instead. This is normal in the inference process.
Given pitch_sketch: True | Given energy_sketch: True
Given pitch: False | Given energy: False | Given phoneme_duration: False
Use ddim sampler
Data shape for DDIM sampling is (1, 8, 216, 20), eta 1.0
Running DDIM Sampling with 200 timesteps
Non-fatal Warning [dataset.py]: The wav path " wavs/LJ014-0260.wav " is not find in the metadata. Use empty waveform instead. This is normal in the inference process.
Given pitch_sketch: True | Given energy_sketch: True
Given pitch: False | Given energy: False | Given phoneme_duration: False
Use ddim sampler
Data shape for DDIM sampling is (1, 8, 216, 20), eta 1.0
Running DDIM Sampling with 200 timesteps
Non-fatal Warning [dataset.py]: The wav path " wavs/LJ006-0101.wav " is not find in the metadata. Use empty waveform instead. This is normal in the inference process.
Given pitch_sketch: True | Given energy_sketch: True
Given pitch: False | Given energy: False | Given phoneme_duration: False
Use ddim sampler
Data shape for DDIM sampling is (1, 8, 216, 20), eta 1.0
Running DDIM Sampling with 200 timesteps
Non-fatal Warning [dataset.py]: The wav path " wavs/LJ027-0077.wav " is not find in the metadata. Use empty waveform instead. This is normal in the inference process.
Given pitch_sketch: True | Given energy_sketch: True
Given pitch: False | Given energy: False | Given phoneme_duration: False
Use ddim sampler
Data shape for DDIM sampling is (1, 8, 216, 20), eta 1.0
Running DDIM Sampling with 200 timesteps
Non-fatal Warning [dataset.py]: The wav path " wavs/LJ005-0232.wav " is not find in the metadata. Use empty waveform instead. This is normal in the inference process.
Given pitch_sketch: True | Given energy_sketch: True
Given pitch: False | Given energy: False | Given phoneme_duration: False
Use ddim sampler
Data shape for DDIM sampling is (1, 8, 216, 20), eta 1.0
Running DDIM Sampling with 200 timesteps
Non-fatal Warning [dataset.py]: The wav path " wavs/LJ037-0205.wav " is not find in the metadata. Use empty waveform instead. This is normal in the inference process.
Given pitch_sketch: True | Given energy_sketch: True
Given pitch: False | Given energy: False | Given phoneme_duration: False
Use ddim sampler
Data shape for DDIM sampling is (1, 8, 216, 20), eta 1.0
Running DDIM Sampling with 200 timesteps
Non-fatal Warning [dataset.py]: The wav path " wavs/LJ018-0079.wav " is not find in the metadata. Use empty waveform instead. This is normal in the inference process.
Given pitch_sketch: True | Given energy_sketch: True
Given pitch: False | Given energy: False | Given phoneme_duration: False
Use ddim sampler
Data shape for DDIM sampling is (1, 8, 216, 20), eta 1.0
Running DDIM Sampling with 200 timesteps
Non-fatal Warning [dataset.py]: The wav path " wavs/LJ023-0075.wav " is not find in the metadata. Use empty waveform instead. This is normal in the inference process.
Given pitch_sketch: True | Given energy_sketch: True
Given pitch: False | Given energy: False | Given phoneme_duration: False
Use ddim sampler
Data shape for DDIM sampling is (1, 8, 216, 20), eta 1.0
Running DDIM Sampling with 200 timesteps
Non-fatal Warning [dataset.py]: The wav path " wavs/LJ039-0072.wav " is not find in the metadata. Use empty waveform instead. This is normal in the inference process.
Given pitch_sketch: True | Given energy_sketch: True
Given pitch: False | Given energy: False | Given phoneme_duration: False
Use ddim sampler
Data shape for DDIM sampling is (1, 8, 216, 20), eta 1.0
Running DDIM Sampling with 200 timesteps
Non-fatal Warning [dataset.py]: The wav path " wavs/LJ040-0154.wav " is not find in the metadata. Use empty waveform instead. This is normal in the inference process.
Given pitch_sketch: True | Given energy_sketch: True
Given pitch: False | Given energy: False | Given phoneme_duration: False
Use ddim sampler
Data shape for DDIM sampling is (1, 8, 216, 20), eta 1.0
Running DDIM Sampling with 200 timesteps
Non-fatal Warning [dataset.py]: The wav path " wavs/LJ038-0137.wav " is not find in the metadata. Use empty waveform instead. This is normal in the inference process.
Given pitch_sketch: True | Given energy_sketch: True
Given pitch: False | Given energy: False | Given phoneme_duration: False
Use ddim sampler
Data shape for DDIM sampling is (1, 8, 216, 20), eta 1.0
Running DDIM Sampling with 200 timesteps
Non-fatal Warning [dataset.py]: The wav path " wavs/LJ038-0004.wav " is not find in the metadata. Use empty waveform instead. This is normal in the inference process.
Given pitch_sketch: True | Given energy_sketch: True
Given pitch: False | Given energy: False | Given phoneme_duration: False
Use ddim sampler
Data shape for DDIM sampling is (1, 8, 216, 20), eta 1.0
Running DDIM Sampling with 200 timesteps
Non-fatal Warning [dataset.py]: The wav path " wavs/LJ012-0158.wav " is not find in the metadata. Use empty waveform instead. This is normal in the inference process.
Given pitch_sketch: True | Given energy_sketch: True
Given pitch: False | Given energy: False | Given phoneme_duration: False
Use ddim sampler
Data shape for DDIM sampling is (1, 8, 216, 20), eta 1.0
Running DDIM Sampling with 200 timesteps
Non-fatal Warning [dataset.py]: The wav path " wavs/LJ046-0104.wav " is not find in the metadata. Use empty waveform instead. This is normal in the inference process.
Given pitch_sketch: True | Given energy_sketch: True
Given pitch: False | Given energy: False | Given phoneme_duration: False
Use ddim sampler
Data shape for DDIM sampling is (1, 8, 216, 20), eta 1.0
Running DDIM Sampling with 200 timesteps
Non-fatal Warning [dataset.py]: The wav path " wavs/LJ017-0155.wav " is not find in the metadata. Use empty waveform instead. This is normal in the inference process.
Given pitch_sketch: True | Given energy_sketch: True
Given pitch: False | Given energy: False | Given phoneme_duration: False
Use ddim sampler
Data shape for DDIM sampling is (1, 8, 216, 20), eta 1.0
Running DDIM Sampling with 200 timesteps
Non-fatal Warning [dataset.py]: The wav path " wavs/LJ022-0164.wav " is not find in the metadata. Use empty waveform instead. This is normal in the inference process.
Given pitch_sketch: True | Given energy_sketch: True
Given pitch: False | Given energy: False | Given phoneme_duration: False
Use ddim sampler
Data shape for DDIM sampling is (1, 8, 216, 20), eta 1.0
Running DDIM Sampling with 200 timesteps
Non-fatal Warning [dataset.py]: The wav path " wavs/LJ014-0183.wav " is not find in the metadata. Use empty waveform instead. This is normal in the inference process.
Given pitch_sketch: True | Given energy_sketch: True
Given pitch: False | Given energy: False | Given phoneme_duration: False
Use ddim sampler
Data shape for DDIM sampling is (1, 8, 216, 20), eta 1.0
Running DDIM Sampling with 200 timesteps
Non-fatal Warning [dataset.py]: The wav path " wavs/LJ015-0107.wav " is not find in the metadata. Use empty waveform instead. This is normal in the inference process.
Given pitch_sketch: True | Given energy_sketch: True
Given pitch: False | Given energy: False | Given phoneme_duration: False
Use ddim sampler
Data shape for DDIM sampling is (1, 8, 216, 20), eta 1.0
Running DDIM Sampling with 200 timesteps
Non-fatal Warning [dataset.py]: The wav path " wavs/LJ046-0184.wav " is not find in the metadata. Use empty waveform instead. This is normal in the inference process.
Given pitch_sketch: True | Given energy_sketch: True
Given pitch: False | Given energy: False | Given phoneme_duration: False
Use ddim sampler
Data shape for DDIM sampling is (1, 8, 216, 20), eta 1.0
Running DDIM Sampling with 200 timesteps
Non-fatal Warning [dataset.py]: The wav path " wavs/LJ011-0134.wav " is not find in the metadata. Use empty waveform instead. This is normal in the inference process.
Given pitch_sketch: True | Given energy_sketch: True
Given pitch: False | Given energy: False | Given phoneme_duration: False
Use ddim sampler
Data shape for DDIM sampling is (1, 8, 216, 20), eta 1.0
Running DDIM Sampling with 200 timesteps
Non-fatal Warning [dataset.py]: The wav path " wavs/LJ033-0059.wav " is not find in the metadata. Use empty waveform instead. This is normal in the inference process.
Given pitch_sketch: True | Given energy_sketch: True
Given pitch: False | Given energy: False | Given phoneme_duration: False
Use ddim sampler
Data shape for DDIM sampling is (1, 8, 216, 20), eta 1.0
Running DDIM Sampling with 200 timesteps
Non-fatal Warning [dataset.py]: The wav path " wavs/LJ017-0210.wav " is not find in the metadata. Use empty waveform instead. This is normal in the inference process.
Given pitch_sketch: True | Given energy_sketch: True
Given pitch: False | Given energy: False | Given phoneme_duration: False
Use ddim sampler
Data shape for DDIM sampling is (1, 8, 216, 20), eta 1.0
Running DDIM Sampling with 200 timesteps
Non-fatal Warning [dataset.py]: The wav path " wavs/LJ043-0148.wav " is not find in the metadata. Use empty waveform instead. This is normal in the inference process.
Given pitch_sketch: True | Given energy_sketch: True
Given pitch: False | Given energy: False | Given phoneme_duration: False
Use ddim sampler
Data shape for DDIM sampling is (1, 8, 216, 20), eta 1.0
Running DDIM Sampling with 200 timesteps
Non-fatal Warning [dataset.py]: The wav path " wavs/LJ009-0294.wav " is not find in the metadata. Use empty waveform instead. This is normal in the inference process.
Given pitch_sketch: True | Given energy_sketch: True
Given pitch: False | Given energy: False | Given phoneme_duration: False
Use ddim sampler
Data shape for DDIM sampling is (1, 8, 216, 20), eta 1.0
Running DDIM Sampling with 200 timesteps
Non-fatal Warning [dataset.py]: The wav path " wavs/LJ049-0112.wav " is not find in the metadata. Use empty waveform instead. This is normal in the inference process.
Given pitch_sketch: True | Given energy_sketch: True
Given pitch: False | Given energy: False | Given phoneme_duration: False
Use ddim sampler
Data shape for DDIM sampling is (1, 8, 216, 20), eta 1.0
Running DDIM Sampling with 200 timesteps
Non-fatal Warning [dataset.py]: The wav path " wavs/LJ035-0177.wav " is not find in the metadata. Use empty waveform instead. This is normal in the inference process.
Given pitch_sketch: True | Given energy_sketch: True
Given pitch: False | Given energy: False | Given phoneme_duration: False
Use ddim sampler
Data shape for DDIM sampling is (1, 8, 216, 20), eta 1.0
Running DDIM Sampling with 200 timesteps
Non-fatal Warning [dataset.py]: The wav path " wavs/LJ019-0350.wav " is not find in the metadata. Use empty waveform instead. This is normal in the inference process.
Given pitch_sketch: True | Given energy_sketch: True
Given pitch: False | Given energy: False | Given phoneme_duration: False
Use ddim sampler
Data shape for DDIM sampling is (1, 8, 216, 20), eta 1.0
Running DDIM Sampling with 200 timesteps
Non-fatal Warning [dataset.py]: The wav path " wavs/LJ047-0178.wav " is not find in the metadata. Use empty waveform instead. This is normal in the inference process.
Given pitch_sketch: True | Given energy_sketch: True
Given pitch: False | Given energy: False | Given phoneme_duration: False
Use ddim sampler
Data shape for DDIM sampling is (1, 8, 216, 20), eta 1.0
Running DDIM Sampling with 200 timesteps
Non-fatal Warning [dataset.py]: The wav path " wavs/LJ024-0024.wav " is not find in the metadata. Use empty waveform instead. This is normal in the inference process.
Given pitch_sketch: True | Given energy_sketch: True
Given pitch: False | Given energy: False | Given phoneme_duration: False
Use ddim sampler
Data shape for DDIM sampling is (1, 8, 216, 20), eta 1.0
Running DDIM Sampling with 200 timesteps
Non-fatal Warning [dataset.py]: The wav path " wavs/LJ031-0024.wav " is not find in the metadata. Use empty waveform instead. This is normal in the inference process.
Given pitch_sketch: True | Given energy_sketch: True
Given pitch: False | Given energy: False | Given phoneme_duration: False
Use ddim sampler
Data shape for DDIM sampling is (1, 8, 216, 20), eta 1.0
Running DDIM Sampling with 200 timesteps
Non-fatal Warning [dataset.py]: The wav path " wavs/LJ047-0103.wav " is not find in the metadata. Use empty waveform instead. This is normal in the inference process.
Given pitch_sketch: True | Given energy_sketch: True
Given pitch: False | Given energy: False | Given phoneme_duration: False
Use ddim sampler
Data shape for DDIM sampling is (1, 8, 216, 20), eta 1.0
Running DDIM Sampling with 200 timesteps
Non-fatal Warning [dataset.py]: The wav path " wavs/LJ001-0087.wav " is not find in the metadata. Use empty waveform instead. This is normal in the inference process.
Given pitch_sketch: True | Given energy_sketch: True
Given pitch: False | Given energy: False | Given phoneme_duration: False
Use ddim sampler
Data shape for DDIM sampling is (1, 8, 216, 20), eta 1.0
Running DDIM Sampling with 200 timesteps
Non-fatal Warning [dataset.py]: The wav path " wavs/LJ024-0001.wav " is not find in the metadata. Use empty waveform instead. This is normal in the inference process.
Given pitch_sketch: True | Given energy_sketch: True
Given pitch: False | Given energy: False | Given phoneme_duration: False
Use ddim sampler
Data shape for DDIM sampling is (1, 8, 216, 20), eta 1.0
Running DDIM Sampling with 200 timesteps
Non-fatal Warning [dataset.py]: The wav path " wavs/LJ030-0031.wav " is not find in the metadata. Use empty waveform instead. This is normal in the inference process.
Given pitch_sketch: True | Given energy_sketch: True
Given pitch: False | Given energy: False | Given phoneme_duration: False
Use ddim sampler
Data shape for DDIM sampling is (1, 8, 216, 20), eta 1.0
Running DDIM Sampling with 200 timesteps
Non-fatal Warning [dataset.py]: The wav path " wavs/LJ038-0122.wav " is not find in the metadata. Use empty waveform instead. This is normal in the inference process.
Given pitch_sketch: True | Given energy_sketch: True
Given pitch: False | Given energy: False | Given phoneme_duration: False
Use ddim sampler
Data shape for DDIM sampling is (1, 8, 216, 20), eta 1.0
Running DDIM Sampling with 200 timesteps
Non-fatal Warning [dataset.py]: The wav path " wavs/LJ029-0085.wav " is not find in the metadata. Use empty waveform instead. This is normal in the inference process.
Given pitch_sketch: True | Given energy_sketch: True
Given pitch: False | Given energy: False | Given phoneme_duration: False
Use ddim sampler
Data shape for DDIM sampling is (1, 8, 216, 20), eta 1.0
Running DDIM Sampling with 200 timesteps
Non-fatal Warning [dataset.py]: The wav path " wavs/LJ008-0314.wav " is not find in the metadata. Use empty waveform instead. This is normal in the inference process.
Given pitch_sketch: True | Given energy_sketch: True
Given pitch: False | Given energy: False | Given phoneme_duration: False
Use ddim sampler
Data shape for DDIM sampling is (1, 8, 216, 20), eta 1.0
Running DDIM Sampling with 200 timesteps
Non-fatal Warning [dataset.py]: The wav path " wavs/LJ019-0089.wav " is not find in the metadata. Use empty waveform instead. This is normal in the inference process.
Given pitch_sketch: True | Given energy_sketch: True
Given pitch: False | Given energy: False | Given phoneme_duration: False
Use ddim sampler
Data shape for DDIM sampling is (1, 8, 216, 20), eta 1.0
Running DDIM Sampling with 200 timesteps
Non-fatal Warning [dataset.py]: The wav path " wavs/LJ006-0264.wav " is not find in the metadata. Use empty waveform instead. This is normal in the inference process.
Given pitch_sketch: True | Given energy_sketch: True
Given pitch: False | Given energy: False | Given phoneme_duration: False
Use ddim sampler
Data shape for DDIM sampling is (1, 8, 216, 20), eta 1.0
Running DDIM Sampling with 200 timesteps
Non-fatal Warning [dataset.py]: The wav path " wavs/LJ039-0030.wav " is not find in the metadata. Use empty waveform instead. This is normal in the inference process.
Given pitch_sketch: True | Given energy_sketch: True
Given pitch: False | Given energy: False | Given phoneme_duration: False
Use ddim sampler
Data shape for DDIM sampling is (1, 8, 216, 20), eta 1.0
Running DDIM Sampling with 200 timesteps
Non-fatal Warning [dataset.py]: The wav path " wavs/LJ018-0396.wav " is not find in the metadata. Use empty waveform instead. This is normal in the inference process.
Given pitch_sketch: True | Given energy_sketch: True
Given pitch: False | Given energy: False | Given phoneme_duration: False
Use ddim sampler
Data shape for DDIM sampling is (1, 8, 216, 20), eta 1.0
Running DDIM Sampling with 200 timesteps
Non-fatal Warning [dataset.py]: The wav path " wavs/LJ003-0173.wav " is not find in the metadata. Use empty waveform instead. This is normal in the inference process.
Given pitch_sketch: True | Given energy_sketch: True
Given pitch: False | Given energy: False | Given phoneme_duration: False
Use ddim sampler
Data shape for DDIM sampling is (1, 8, 216, 20), eta 1.0
Running DDIM Sampling with 200 timesteps
Non-fatal Warning [dataset.py]: The wav path " wavs/LJ022-0156.wav " is not find in the metadata. Use empty waveform instead. This is normal in the inference process.
Given pitch_sketch: True | Given energy_sketch: True
Given pitch: False | Given energy: False | Given phoneme_duration: False
Use ddim sampler
Data shape for DDIM sampling is (1, 8, 216, 20), eta 1.0
Running DDIM Sampling with 200 timesteps
Non-fatal Warning [dataset.py]: The wav path " wavs/LJ028-0301.wav " is not find in the metadata. Use empty waveform instead. This is normal in the inference process.
Given pitch_sketch: True | Given energy_sketch: True
Given pitch: False | Given energy: False | Given phoneme_duration: False
Use ddim sampler
Data shape for DDIM sampling is (1, 8, 216, 20), eta 1.0
Running DDIM Sampling with 200 timesteps
Non-fatal Warning [dataset.py]: The wav path " wavs/LJ002-0035.wav " is not find in the metadata. Use empty waveform instead. This is normal in the inference process.
Given pitch_sketch: True | Given energy_sketch: True
Given pitch: False | Given energy: False | Given phoneme_duration: False
Use ddim sampler
Data shape for DDIM sampling is (1, 8, 216, 20), eta 1.0
Running DDIM Sampling with 200 timesteps
Non-fatal Warning [dataset.py]: The wav path " wavs/LJ048-0127.wav " is not find in the metadata. Use empty waveform instead. This is normal in the inference process.
Given pitch_sketch: True | Given energy_sketch: True
Given pitch: False | Given energy: False | Given phoneme_duration: False
Use ddim sampler
Data shape for DDIM sampling is (1, 8, 216, 20), eta 1.0
Running DDIM Sampling with 200 timesteps
Non-fatal Warning [dataset.py]: The wav path " wavs/LJ009-0016.wav " is not find in the metadata. Use empty waveform instead. This is normal in the inference process.
Given pitch_sketch: True | Given energy_sketch: True
Given pitch: False | Given energy: False | Given phoneme_duration: False
Use ddim sampler
Data shape for DDIM sampling is (1, 8, 216, 20), eta 1.0
Running DDIM Sampling with 200 timesteps
Non-fatal Warning [dataset.py]: The wav path " wavs/LJ014-0169.wav " is not find in the metadata. Use empty waveform instead. This is normal in the inference process.
Given pitch_sketch: True | Given energy_sketch: True
Given pitch: False | Given energy: False | Given phoneme_duration: False
Use ddim sampler
Data shape for DDIM sampling is (1, 8, 216, 20), eta 1.0
Running DDIM Sampling with 200 timesteps
Non-fatal Warning [dataset.py]: The wav path " wavs/LJ046-0003.wav " is not find in the metadata. Use empty waveform instead. This is normal in the inference process.
Given pitch_sketch: True | Given energy_sketch: True
Given pitch: False | Given energy: False | Given phoneme_duration: False
Use ddim sampler
Data shape for DDIM sampling is (1, 8, 216, 20), eta 1.0
Running DDIM Sampling with 200 timesteps
Non-fatal Warning [dataset.py]: The wav path " wavs/LJ024-0075.wav " is not find in the metadata. Use empty waveform instead. This is normal in the inference process.
Given pitch_sketch: True | Given energy_sketch: True
Given pitch: False | Given energy: False | Given phoneme_duration: False
Use ddim sampler
Data shape for DDIM sampling is (1, 8, 216, 20), eta 1.0
Running DDIM Sampling with 200 timesteps
Non-fatal Warning [dataset.py]: The wav path " wavs/LJ043-0040.wav " is not find in the metadata. Use empty waveform instead. This is normal in the inference process.
Given pitch_sketch: True | Given energy_sketch: True
Given pitch: False | Given energy: False | Given phoneme_duration: False
Use ddim sampler
Data shape for DDIM sampling is (1, 8, 216, 20), eta 1.0
Running DDIM Sampling with 200 timesteps
Non-fatal Warning [dataset.py]: The wav path " wavs/LJ039-0245.wav " is not find in the metadata. Use empty waveform instead. This is normal in the inference process.
Given pitch_sketch: True | Given energy_sketch: True
Given pitch: False | Given energy: False | Given phoneme_duration: False
Use ddim sampler
Data shape for DDIM sampling is (1, 8, 216, 20), eta 1.0
Running DDIM Sampling with 200 timesteps
Non-fatal Warning [dataset.py]: The wav path " wavs/LJ021-0205.wav " is not find in the metadata. Use empty waveform instead. This is normal in the inference process.
Given pitch_sketch: True | Given energy_sketch: True
Given pitch: False | Given energy: False | Given phoneme_duration: False
Use ddim sampler
Data shape for DDIM sampling is (1, 8, 216, 20), eta 1.0
Running DDIM Sampling with 200 timesteps
Non-fatal Warning [dataset.py]: The wav path " wavs/LJ035-0205.wav " is not find in the metadata. Use empty waveform instead. This is normal in the inference process.
Given pitch_sketch: True | Given energy_sketch: True
Given pitch: False | Given energy: False | Given phoneme_duration: False
Use ddim sampler
Data shape for DDIM sampling is (1, 8, 216, 20), eta 1.0
Running DDIM Sampling with 200 timesteps
Non-fatal Warning [dataset.py]: The wav path " wavs/LJ037-0235.wav " is not find in the metadata. Use empty waveform instead. This is normal in the inference process.
Given pitch_sketch: True | Given energy_sketch: True
Given pitch: False | Given energy: False | Given phoneme_duration: False
Use ddim sampler
Data shape for DDIM sampling is (1, 8, 216, 20), eta 1.0
Running DDIM Sampling with 200 timesteps
Non-fatal Warning [dataset.py]: The wav path " wavs/LJ009-0079.wav " is not find in the metadata. Use empty waveform instead. This is normal in the inference process.
Given pitch_sketch: True | Given energy_sketch: True
Given pitch: False | Given energy: False | Given phoneme_duration: False
Use ddim sampler
Data shape for DDIM sampling is (1, 8, 216, 20), eta 1.0
Running DDIM Sampling with 200 timesteps
Non-fatal Warning [dataset.py]: The wav path " wavs/LJ029-0047.wav " is not find in the metadata. Use empty waveform instead. This is normal in the inference process.
Given pitch_sketch: True | Given energy_sketch: True
Given pitch: False | Given energy: False | Given phoneme_duration: False
Use ddim sampler
Data shape for DDIM sampling is (1, 8, 216, 20), eta 1.0
Running DDIM Sampling with 200 timesteps
Non-fatal Warning [dataset.py]: The wav path " wavs/LJ041-0068.wav " is not find in the metadata. Use empty waveform instead. This is normal in the inference process.
Given pitch_sketch: True | Given energy_sketch: True
Given pitch: False | Given energy: False | Given phoneme_duration: False
Use ddim sampler
Data shape for DDIM sampling is (1, 8, 216, 20), eta 1.0
Running DDIM Sampling with 200 timesteps
Non-fatal Warning [dataset.py]: The wav path " wavs/LJ009-0082.wav " is not find in the metadata. Use empty waveform instead. This is normal in the inference process.
Given pitch_sketch: True | Given energy_sketch: True
Given pitch: False | Given energy: False | Given phoneme_duration: False
Use ddim sampler
Data shape for DDIM sampling is (1, 8, 216, 20), eta 1.0
Running DDIM Sampling with 200 timesteps
Non-fatal Warning [dataset.py]: The wav path " wavs/LJ038-0188.wav " is not find in the metadata. Use empty waveform instead. This is normal in the inference process.
Given pitch_sketch: True | Given energy_sketch: True
Given pitch: False | Given energy: False | Given phoneme_duration: False
Use ddim sampler
Data shape for DDIM sampling is (1, 8, 216, 20), eta 1.0
Running DDIM Sampling with 200 timesteps
Non-fatal Warning [dataset.py]: The wav path " wavs/LJ003-0050.wav " is not find in the metadata. Use empty waveform instead. This is normal in the inference process.
Given pitch_sketch: True | Given energy_sketch: True
Given pitch: False | Given energy: False | Given phoneme_duration: False
Use ddim sampler
Data shape for DDIM sampling is (1, 8, 216, 20), eta 1.0
Running DDIM Sampling with 200 timesteps
Non-fatal Warning [dataset.py]: The wav path " wavs/LJ003-0185.wav " is not find in the metadata. Use empty waveform instead. This is normal in the inference process.
Given pitch_sketch: True | Given energy_sketch: True
Given pitch: False | Given energy: False | Given phoneme_duration: False
Use ddim sampler
Data shape for DDIM sampling is (1, 8, 216, 20), eta 1.0
Running DDIM Sampling with 200 timesteps
Non-fatal Warning [dataset.py]: The wav path " wavs/LJ012-0121.wav " is not find in the metadata. Use empty waveform instead. This is normal in the inference process.
Given pitch_sketch: True | Given energy_sketch: True
Given pitch: False | Given energy: False | Given phoneme_duration: False
Use ddim sampler
Data shape for DDIM sampling is (1, 8, 216, 20), eta 1.0
Running DDIM Sampling with 200 timesteps
Non-fatal Warning [dataset.py]: The wav path " wavs/LJ046-0022.wav " is not find in the metadata. Use empty waveform instead. This is normal in the inference process.
Given pitch_sketch: True | Given energy_sketch: True
Given pitch: False | Given energy: False | Given phoneme_duration: False
Use ddim sampler
Data shape for DDIM sampling is (1, 8, 216, 20), eta 1.0
Running DDIM Sampling with 200 timesteps
Non-fatal Warning [dataset.py]: The wav path " wavs/LJ028-0111.wav " is not find in the metadata. Use empty waveform instead. This is normal in the inference process.
Given pitch_sketch: True | Given energy_sketch: True
Given pitch: False | Given energy: False | Given phoneme_duration: False
Use ddim sampler
Data shape for DDIM sampling is (1, 8, 216, 20), eta 1.0
Running DDIM Sampling with 200 timesteps
Non-fatal Warning [dataset.py]: The wav path " wavs/LJ003-0260.wav " is not find in the metadata. Use empty waveform instead. This is normal in the inference process.
Given pitch_sketch: True | Given energy_sketch: True
Given pitch: False | Given energy: False | Given phoneme_duration: False
Use ddim sampler
Data shape for DDIM sampling is (1, 8, 216, 20), eta 1.0
Running DDIM Sampling with 200 timesteps
Non-fatal Warning [dataset.py]: The wav path " wavs/LJ022-0044.wav " is not find in the metadata. Use empty waveform instead. This is normal in the inference process.
Given pitch_sketch: True | Given energy_sketch: True
Given pitch: False | Given energy: False | Given phoneme_duration: False
Use ddim sampler
Data shape for DDIM sampling is (1, 8, 216, 20), eta 1.0
Running DDIM Sampling with 200 timesteps
Non-fatal Warning [dataset.py]: The wav path " wavs/LJ017-0268.wav " is not find in the metadata. Use empty waveform instead. This is normal in the inference process.
Given pitch_sketch: True | Given energy_sketch: True
Given pitch: False | Given energy: False | Given phoneme_duration: False
Use ddim sampler
Data shape for DDIM sampling is (1, 8, 216, 20), eta 1.0
Running DDIM Sampling with 200 timesteps
Non-fatal Warning [dataset.py]: The wav path " wavs/LJ037-0104.wav " is not find in the metadata. Use empty waveform instead. This is normal in the inference process.
Given pitch_sketch: True | Given energy_sketch: True
Given pitch: False | Given energy: False | Given phoneme_duration: False
Use ddim sampler
Data shape for DDIM sampling is (1, 8, 216, 20), eta 1.0
Running DDIM Sampling with 200 timesteps
Non-fatal Warning [dataset.py]: The wav path " wavs/LJ027-0093.wav " is not find in the metadata. Use empty waveform instead. This is normal in the inference process.
Given pitch_sketch: True | Given energy_sketch: True
Given pitch: False | Given energy: False | Given phoneme_duration: False
Use ddim sampler
Data shape for DDIM sampling is (1, 8, 216, 20), eta 1.0
Running DDIM Sampling with 200 timesteps
Non-fatal Warning [dataset.py]: The wav path " wavs/LJ007-0117.wav " is not find in the metadata. Use empty waveform instead. This is normal in the inference process.
Given pitch_sketch: True | Given energy_sketch: True
Given pitch: False | Given energy: False | Given phoneme_duration: False
Use ddim sampler
Data shape for DDIM sampling is (1, 8, 216, 20), eta 1.0
Running DDIM Sampling with 200 timesteps
Non-fatal Warning [dataset.py]: The wav path " wavs/LJ006-0193.wav " is not find in the metadata. Use empty waveform instead. This is normal in the inference process.
Given pitch_sketch: True | Given energy_sketch: True
Given pitch: False | Given energy: False | Given phoneme_duration: False
Use ddim sampler
Data shape for DDIM sampling is (1, 8, 216, 20), eta 1.0
Running DDIM Sampling with 200 timesteps
Non-fatal Warning [dataset.py]: The wav path " wavs/LJ038-0176.wav " is not find in the metadata. Use empty waveform instead. This is normal in the inference process.
Given pitch_sketch: True | Given energy_sketch: True
Given pitch: False | Given energy: False | Given phoneme_duration: False
Use ddim sampler
Data shape for DDIM sampling is (1, 8, 216, 20), eta 1.0
Running DDIM Sampling with 200 timesteps
Non-fatal Warning [dataset.py]: The wav path " wavs/LJ033-0131.wav " is not find in the metadata. Use empty waveform instead. This is normal in the inference process.
Given pitch_sketch: True | Given energy_sketch: True
Given pitch: False | Given energy: False | Given phoneme_duration: False
Use ddim sampler
Data shape for DDIM sampling is (1, 8, 216, 20), eta 1.0
Running DDIM Sampling with 200 timesteps
Non-fatal Warning [dataset.py]: The wav path " wavs/LJ039-0189.wav " is not find in the metadata. Use empty waveform instead. This is normal in the inference process.
Given pitch_sketch: True | Given energy_sketch: True
Given pitch: False | Given energy: False | Given phoneme_duration: False
Use ddim sampler
Data shape for DDIM sampling is (1, 8, 216, 20), eta 1.0
Running DDIM Sampling with 200 timesteps
Non-fatal Warning [dataset.py]: The wav path " wavs/LJ050-0028.wav " is not find in the metadata. Use empty waveform instead. This is normal in the inference process.
Given pitch_sketch: True | Given energy_sketch: True
Given pitch: False | Given energy: False | Given phoneme_duration: False
Use ddim sampler
Data shape for DDIM sampling is (1, 8, 216, 20), eta 1.0
Running DDIM Sampling with 200 timesteps
Non-fatal Warning [dataset.py]: The wav path " wavs/LJ038-0186.wav " is not find in the metadata. Use empty waveform instead. This is normal in the inference process.
Given pitch_sketch: True | Given energy_sketch: True
Given pitch: False | Given energy: False | Given phoneme_duration: False
Use ddim sampler
Data shape for DDIM sampling is (1, 8, 216, 20), eta 1.0
Running DDIM Sampling with 200 timesteps
Non-fatal Warning [dataset.py]: The wav path " wavs/LJ044-0069.wav " is not find in the metadata. Use empty waveform instead. This is normal in the inference process.
Given pitch_sketch: True | Given energy_sketch: True
Given pitch: False | Given energy: False | Given phoneme_duration: False
Use ddim sampler
Data shape for DDIM sampling is (1, 8, 216, 20), eta 1.0
Running DDIM Sampling with 200 timesteps
Non-fatal Warning [dataset.py]: The wav path " wavs/LJ040-0225.wav " is not find in the metadata. Use empty waveform instead. This is normal in the inference process.
Given pitch_sketch: True | Given energy_sketch: True
Given pitch: False | Given energy: False | Given phoneme_duration: False
Use ddim sampler
Data shape for DDIM sampling is (1, 8, 216, 20), eta 1.0
Running DDIM Sampling with 200 timesteps
Non-fatal Warning [dataset.py]: The wav path " wavs/LJ030-0070.wav " is not find in the metadata. Use empty waveform instead. This is normal in the inference process.
Given pitch_sketch: True | Given energy_sketch: True
Given pitch: False | Given energy: False | Given phoneme_duration: False
Use ddim sampler
Data shape for DDIM sampling is (1, 8, 216, 20), eta 1.0
Running DDIM Sampling with 200 timesteps
Non-fatal Warning [dataset.py]: The wav path " wavs/LJ009-0143.wav " is not find in the metadata. Use empty waveform instead. This is normal in the inference process.
Given pitch_sketch: True | Given energy_sketch: True
Given pitch: False | Given energy: False | Given phoneme_duration: False
Use ddim sampler
Data shape for DDIM sampling is (1, 8, 216, 20), eta 1.0
Running DDIM Sampling with 200 timesteps
Non-fatal Warning [dataset.py]: The wav path " wavs/LJ015-0103.wav " is not find in the metadata. Use empty waveform instead. This is normal in the inference process.
Given pitch_sketch: True | Given energy_sketch: True
Given pitch: False | Given energy: False | Given phoneme_duration: False
Use ddim sampler
Data shape for DDIM sampling is (1, 8, 216, 20), eta 1.0
Running DDIM Sampling with 200 timesteps
Non-fatal Warning [dataset.py]: The wav path " wavs/LJ005-0184.wav " is not find in the metadata. Use empty waveform instead. This is normal in the inference process.
Given pitch_sketch: True | Given energy_sketch: True
Given pitch: False | Given energy: False | Given phoneme_duration: False
Use ddim sampler
Data shape for DDIM sampling is (1, 8, 216, 20), eta 1.0
Running DDIM Sampling with 200 timesteps
Non-fatal Warning [dataset.py]: The wav path " wavs/LJ027-0070.wav " is not find in the metadata. Use empty waveform instead. This is normal in the inference process.
Given pitch_sketch: True | Given energy_sketch: True
Given pitch: False | Given energy: False | Given phoneme_duration: False
Use ddim sampler
Data shape for DDIM sampling is (1, 8, 216, 20), eta 1.0
Running DDIM Sampling with 200 timesteps
Non-fatal Warning [dataset.py]: The wav path " wavs/LJ022-0147.wav " is not find in the metadata. Use empty waveform instead. This is normal in the inference process.
Given pitch_sketch: True | Given energy_sketch: True
Given pitch: False | Given energy: False | Given phoneme_duration: False
Use ddim sampler
Data shape for DDIM sampling is (1, 8, 216, 20), eta 1.0
Running DDIM Sampling with 200 timesteps
Non-fatal Warning [dataset.py]: The wav path " wavs/LJ030-0167.wav " is not find in the metadata. Use empty waveform instead. This is normal in the inference process.
Given pitch_sketch: True | Given energy_sketch: True
Given pitch: False | Given energy: False | Given phoneme_duration: False
Use ddim sampler
Data shape for DDIM sampling is (1, 8, 216, 20), eta 1.0
Running DDIM Sampling with 200 timesteps
Non-fatal Warning [dataset.py]: The wav path " wavs/LJ048-0138.wav " is not find in the metadata. Use empty waveform instead. This is normal in the inference process.
Given pitch_sketch: True | Given energy_sketch: True
Given pitch: False | Given energy: False | Given phoneme_duration: False
Use ddim sampler
Data shape for DDIM sampling is (1, 8, 216, 20), eta 1.0
Running DDIM Sampling with 200 timesteps
Non-fatal Warning [dataset.py]: The wav path " wavs/LJ036-0113.wav " is not find in the metadata. Use empty waveform instead. This is normal in the inference process.
Given pitch_sketch: True | Given energy_sketch: True
Given pitch: False | Given energy: False | Given phoneme_duration: False
Use ddim sampler
Data shape for DDIM sampling is (1, 8, 216, 20), eta 1.0
Running DDIM Sampling with 200 timesteps
Non-fatal Warning [dataset.py]: The wav path " wavs/LJ007-0159.wav " is not find in the metadata. Use empty waveform instead. This is normal in the inference process.
Given pitch_sketch: True | Given energy_sketch: True
Given pitch: False | Given energy: False | Given phoneme_duration: False
Use ddim sampler
Data shape for DDIM sampling is (1, 8, 216, 20), eta 1.0
Running DDIM Sampling with 200 timesteps
Non-fatal Warning [dataset.py]: The wav path " wavs/LJ037-0115.wav " is not find in the metadata. Use empty waveform instead. This is normal in the inference process.
Given pitch_sketch: True | Given energy_sketch: True
Given pitch: False | Given energy: False | Given phoneme_duration: False
Use ddim sampler
Data shape for DDIM sampling is (1, 8, 216, 20), eta 1.0
Running DDIM Sampling with 200 timesteps
Non-fatal Warning [dataset.py]: The wav path " wavs/LJ032-0259.wav " is not find in the metadata. Use empty waveform instead. This is normal in the inference process.
Given pitch_sketch: True | Given energy_sketch: True
Given pitch: False | Given energy: False | Given phoneme_duration: False
Use ddim sampler
Data shape for DDIM sampling is (1, 8, 216, 20), eta 1.0
Running DDIM Sampling with 200 timesteps
Plotting: Restored training weights
RMSE dir (no duration): log/latent_diffusion/config/drawspeech_ljspeech_22k/infer_07-31-05:55_cfg_scale_3.5_ddim_200_n_cand_1
Processed 300 files (skipped 0)
Average Pitch RMSE: 48.19 Hz
Average Energy RMSE: 10.93 dB
finished: Fri Jul 31 07:16:18 AM CEST 2026
=== JOB_STATISTICS ===
=== current date     : Fri Jul 31 07:16:18 AM CEST 2026
= Job-ID             : 1765926 on tinygpu
= Job-Name           : energy_cross
= Job-Command        : /home/hpc/iwi5/iwi5408h/repro1/drawspeech_LJSpeech_Reproduce_and_interactive_demo/run_energy_cross.sbatch
= Initial workdir    : /home/hpc/iwi5/iwi5408h/repro1/drawspeech_LJSpeech_Reproduce_and_interactive_demo
= Queue/Partition    : a100
= Slurm account      : iwi5 with QOS=normal
= Requested resources:  for 06:00:00
= Elapsed runtime    : 02:42:12
= Total RAM usage    : 8.0 GiB of requested  GiB (%)   
= Node list          : tg092
= Subm/Elig/Start/End: 2026-07-31T02:41:16 / 2026-07-31T02:41:16 / 2026-07-31T04:34:06 / 2026-07-31T07:16:18
======================
=== Quota infos ======
    Path                 Used     SoftQ    HardQ    Gracetime  Filec    FileQ    FiHaQ    FileGrace    
    /home/woody             0.0K  1000.0G  1500.0G        N/A       2    5,000K   7,500K        N/A    
!!! /home/hpc             181.6G   104.9G   209.7G  -29039days     905K     500K   1,000K  -29039days !!!
======================
=== GPU utilization ==
gpu_name, gpu_bus_id, pid, gpu_utilization [%], mem_utilization [%], max_memory_usage [MiB], time [ms]
NVIDIA A100-SXM4-40GB, 00000000:81:00.0, 888406, 39 %, 11 %, 2634 MiB, 4765221 ms
NVIDIA A100-SXM4-40GB, 00000000:81:00.0, 934687, 39 %, 11 %, 2634 MiB, 4798401 ms
